1.0,-5.59073448547,-5.46073448547
1.0,-5.46073448547,-5.75073448547
1.0,-5.75073448547,-5.83073448547
1.0,-5.83073448547,-5.67073448547
1.0,-5.67073448547,-5.42073448547
1.0,-5.42073448547,-5.26073448547
1.0,-5.26073448547,-5.42073448547
1.0,-5.42073448547,-5.83073448547
1.0,-5.83073448547,-6.08073448547
1.0,-6.08073448547,-5.92073448547
1.0,-5.92073448547,-6.04073448547
1.0,-6.04073448547,-6.58073448547
1.0,-6.58073448547,-6.54073448547
1.0,-6.54073448547,-6.58073448547
1.0,-6.58073448547,-6.66073448547
1.0,-6.66073448547,-6.66073448547
1.0,-6.66073448547,-6.79073448547
1.0,-6.79073448547,-7.12073448547
1.0,-7.12073448547,-7.57073448547
1.0,-7.57073448547,-7.62073448547
1.0,-7.62073448547,-7.57073448547
1.0,-7.57073448547,-8.07073448547
1.0,-8.07073448547,-7.78073448547
1.0,-7.78073448547,-6.95073448547
1.0,-6.95073448547,-7.20073448547
1.0,-7.20073448547,-7.04073448547
1.0,-7.04073448547,-7.20073448547
1.0,-7.20073448547,-7.28073448547
1.0,-7.28073448547,-7.20073448547
1.0,-7.20073448547,-7.04073448547
1.0,-7.04073448547,-7.08073448547
1.0,-7.08073448547,-7.33073448547
1.0,-7.33073448547,-7.16073448547
1.0,-7.16073448547,-6.83073448547
1.0,-6.83073448547,-7.20073448547
1.0,-7.20073448547,-7.41073448547
1.0,-7.41073448547,-7.45073448547
1.0,-7.45073448547,-7.12073448547
1.0,-7.12073448547,-7.33073448547
1.0,-7.33073448547,-7.41073448547
1.0,-7.41073448547,-7.49073448547
1.0,-7.49073448547,-7.49073448547
1.0,-7.49073448547,-7.49073448547
1.0,-7.49073448547,-7.28073448547
1.0,-7.28073448547,-7.41073448547
1.0,-7.41073448547,-7.49073448547
1.0,-7.49073448547,-7.70073448547
1.0,-7.70073448547,-7.70073448547
1.0,-7.70073448547,-7.91073448547
1.0,-7.91073448547,-7.91073448547
1.0,-7.91073448547,-7.99073448547
1.0,-7.99073448547,-7.95073448547
1.0,-7.95073448547,-8.11073448547
1.0,-8.11073448547,-7.95073448547
1.0,-7.95073448547,-8.15073448547
1.0,-8.15073448547,-8.24073448547
1.0,-8.24073448547,-8.44073448547
1.0,-8.44073448547,-8.48073448547
1.0,-8.48073448547,-8.48073448547
1.0,-8.48073448547,-8.65073448547
1.0,-8.65073448547,-8.73073448547
1.0,-8.73073448547,-8.90073448547
1.0,-8.90073448547,-8.69073448547
1.0,-8.69073448547,-8.69073448547
1.0,-8.69073448547,-8.48073448547
1.0,-8.48073448547,-8.65073448547
1.0,-8.65073448547,-8.77073448547
1.0,-8.77073448547,-8.65073448547
1.0,-8.65073448547,-8.82073448547
1.0,-8.82073448547,-8.90073448547
1.0,-8.90073448547,-8.86073448547
1.0,-8.86073448547,-8.86073448547
1.0,-8.86073448547,-8.98073448547
1.0,-8.98073448547,-9.19073448547
1.0,-9.19073448547,-9.48073448547
1.0,-9.48073448547,-9.81073448547
1.0,-9.81073448547,-9.60073448547
1.0,-9.60073448547,-9.44073448547
1.0,-9.44073448547,-9.31073448547
1.0,-9.31073448547,-8.61073448547
1.0,-8.61073448547,-7.99073448547
1.0,-7.99073448547,-8.53073448547
1.0,-8.53073448547,-8.44073448547
1.0,-8.44073448547,-8.36073448547
1.0,-8.36073448547,-8.15073448547
1.0,-8.15073448547,-7.95073448547
1.0,-7.95073448547,-8.03073448547
1.0,-8.03073448547,-8.48073448547
1.0,-8.48073448547,-8.36073448547
1.0,-8.36073448547,-8.53073448547
1.0,-8.53073448547,-8.32073448547
1.0,-8.32073448547,-8.07073448547
1.0,-8.07073448547,-8.28073448547
1.0,-8.28073448547,-8.24073448547
1.0,-8.24073448547,-8.15073448547
1.0,-8.15073448547,-8.48073448547
1.0,-8.48073448547,-8.40073448547
1.0,-8.40073448547,-8.65073448547
1.0,-8.65073448547,-8.61073448547
1.0,-8.61073448547,-8.90073448547
1.0,-8.90073448547,-8.86073448547
1.0,-8.86073448547,-8.90073448547
1.0,-8.90073448547,-8.98073448547
1.0,-8.98073448547,-8.36073448547
1.0,-8.36073448547,-7.99073448547
1.0,-7.99073448547,-8.24073448547
1.0,-8.24073448547,-7.95073448547
1.0,-7.95073448547,-7.66073448547
1.0,-7.66073448547,-7.86073448547
1.0,-7.86073448547,-7.66073448547
1.0,-7.66073448547,-7.33073448547
1.0,-7.33073448547,-7.53073448547
1.0,-7.53073448547,-7.57073448547
1.0,-7.57073448547,-7.74073448547
1.0,-7.74073448547,-7.57073448547
1.0,-7.57073448547,-7.74073448547
1.0,-7.74073448547,-7.74073448547
1.0,-7.74073448547,-7.86073448547
1.0,-7.86073448547,-7.78073448547
1.0,-7.78073448547,-7.74073448547
1.0,-7.74073448547,-7.33073448547
1.0,-7.33073448547,-7.24073448547
1.0,-7.24073448547,-7.33073448547
1.0,-7.33073448547,-7.28073448547
1.0,-7.28073448547,-7.33073448547
1.0,-7.33073448547,-7.33073448547
1.0,-7.33073448547,-7.20073448547
1.0,-7.20073448547,-7.41073448547
1.0,-7.41073448547,-7.41073448547
1.0,-7.41073448547,-7.45073448547
1.0,-7.45073448547,-7.33073448547
1.0,-7.33073448547,-7.45073448547
1.0,-7.45073448547,-7.45073448547
1.0,-7.45073448547,-7.41073448547
1.0,-7.41073448547,-7.57073448547
1.0,-7.57073448547,-7.57073448547
1.0,-7.57073448547,-7.70073448547
1.0,-7.70073448547,-7.78073448547
1.0,-7.78073448547,-7.99073448547
1.0,-7.99073448547,-8.15073448547
1.0,-8.15073448547,-8.15073448547
1.0,-8.15073448547,-8.11073448547
1.0,-8.11073448547,-8.11073448547
1.0,-8.11073448547,-8.03073448547
1.0,-8.03073448547,-8.03073448547
1.0,-8.03073448547,-8.07073448547
1.0,-8.07073448547,-8.24073448547
1.0,-8.24073448547,-8.32073448547
1.0,-8.32073448547,-8.40073448547
1.0,-8.40073448547,-8.40073448547
1.0,-8.40073448547,-8.53073448547
1.0,-8.53073448547,-8.44073448547
1.0,-8.44073448547,-8.48073448547
1.0,-8.48073448547,-8.44073448547
1.0,-8.44073448547,-8.57073448547
1.0,-8.57073448547,-8.61073448547
1.0,-8.61073448547,-8.61073448547
1.0,-8.61073448547,-8.65073448547
1.0,-8.65073448547,-8.65073448547
1.0,-8.65073448547,-8.73073448547
1.0,-8.73073448547,-8.86073448547
1.0,-8.86073448547,-8.57073448547
1.0,-8.57073448547,-8.48073448547
1.0,-8.48073448547,-8.03073448547
1.0,-8.03073448547,-8.40073448547
1.0,-8.40073448547,-8.53073448547
1.0,-8.53073448547,-8.44073448547
1.0,-8.44073448547,-8.53073448547
1.0,-8.53073448547,-8.86073448547
1.0,-8.86073448547,-8.90073448547
1.0,-8.90073448547,-8.69073448547
1.0,-8.69073448547,-8.77073448547
1.0,-8.77073448547,-8.82073448547
1.0,-8.82073448547,-8.86073448547
1.0,-8.86073448547,-8.98073448547
1.0,-8.98073448547,-9.02073448547
1.0,-9.02073448547,-9.02073448547
1.0,-9.02073448547,-8.98073448547
1.0,-8.98073448547,-9.02073448547
1.0,-9.02073448547,-9.02073448547
1.0,-9.02073448547,-9.06073448547
1.0,-9.06073448547,-9.15073448547
1.0,-9.15073448547,-9.19073448547
1.0,-9.19073448547,-9.06073448547
1.0,-9.06073448547,-9.06073448547
1.0,-9.06073448547,-9.11073448547
1.0,-9.11073448547,-9.06073448547
1.0,-9.06073448547,-9.15073448547
1.0,-9.15073448547,-9.11073448547
1.0,-9.11073448547,-9.02073448547
1.0,-9.02073448547,-9.02073448547
1.0,-9.02073448547,-9.06073448547
1.0,-9.06073448547,-9.06073448547
1.0,-9.06073448547,-9.06073448547
1.0,-9.06073448547,-9.06073448547
1.0,-9.06073448547,-9.15073448547
1.0,-9.15073448547,-9.19073448547
1.0,-9.19073448547,-9.23073448547
1.0,-9.23073448547,-9.15073448547
1.0,-9.15073448547,-9.11073448547
1.0,-9.11073448547,-9.15073448547
1.0,-9.15073448547,-9.11073448547
1.0,-9.11073448547,-9.15073448547
1.0,-9.15073448547,-9.11073448547
1.0,-9.11073448547,-9.06073448547
1.0,-9.06073448547,-9.02073448547
1.0,-9.02073448547,-9.11073448547
1.0,-9.11073448547,-9.19073448547
1.0,-9.19073448547,-9.06073448547
1.0,-9.06073448547,-8.98073448547
1.0,-8.98073448547,-8.94073448547
1.0,-8.94073448547,-8.57073448547
1.0,-8.57073448547,-8.48073448547
1.0,-8.48073448547,-8.40073448547
1.0,-8.40073448547,-7.78073448547
1.0,-7.78073448547,-7.70073448547
1.0,-7.70073448547,-7.82073448547
1.0,-7.82073448547,-7.91073448547
1.0,-7.91073448547,-7.91073448547
1.0,-7.91073448547,-8.03073448547
1.0,-8.03073448547,-8.19073448547
1.0,-8.19073448547,-8.40073448547
1.0,-8.40073448547,-8.36073448547
1.0,-8.36073448547,-8.15073448547
1.0,-8.15073448547,-8.19073448547
1.0,-8.19073448547,-7.91073448547
1.0,-7.91073448547,-7.53073448547
1.0,-7.53073448547,-6.62073448547
1.0,-6.62073448547,-6.87073448547
1.0,-6.87073448547,-6.87073448547
1.0,-6.87073448547,-6.83073448547
1.0,-6.83073448547,-6.75073448547
1.0,-6.75073448547,-6.58073448547
1.0,-6.58073448547,-6.75073448547
1.0,-6.75073448547,-6.62073448547
1.0,-6.62073448547,-6.70073448547
1.0,-6.70073448547,-6.58073448547
1.0,-6.58073448547,-6.91073448547
1.0,-6.91073448547,-6.66073448547
1.0,-6.66073448547,-6.58073448547
1.0,-6.58073448547,-6.83073448547
1.0,-6.83073448547,-6.70073448547
1.0,-6.70073448547,-6.70073448547
1.0,-6.70073448547,-6.46073448547
1.0,-6.46073448547,-6.46073448547
1.0,-6.46073448547,-6.66073448547
1.0,-6.66073448547,-6.62073448547
1.0,-6.62073448547,-6.66073448547
1.0,-6.66073448547,-6.91073448547
1.0,-6.91073448547,-6.83073448547
1.0,-6.83073448547,-6.79073448547
1.0,-6.79073448547,-6.75073448547
1.0,-6.75073448547,-6.70073448547
1.0,-6.70073448547,-6.62073448547
1.0,-6.62073448547,-6.75073448547
1.0,-6.75073448547,-6.12073448547
1.0,-6.12073448547,-6.33073448547
1.0,-6.33073448547,-6.58073448547
1.0,-6.58073448547,-6.66073448547
1.0,-6.66073448547,-6.75073448547
1.0,-6.75073448547,-6.75073448547
1.0,-6.75073448547,-6.83073448547
1.0,-6.83073448547,-6.95073448547
1.0,-6.95073448547,-7.04073448547
1.0,-7.04073448547,-6.99073448547
1.0,-6.99073448547,-7.04073448547
1.0,-7.04073448547,-7.04073448547
1.0,-7.04073448547,-7.04073448547
1.0,-7.04073448547,-6.87073448547
1.0,-6.87073448547,-6.79073448547
1.0,-6.79073448547,-6.66073448547
1.0,-6.66073448547,-6.58073448547
1.0,-6.58073448547,-6.50073448547
1.0,-6.50073448547,-6.70073448547
1.0,-6.70073448547,-6.50073448547
1.0,-6.50073448547,-6.41073448547
1.0,-6.41073448547,-6.41073448547
1.0,-6.41073448547,-5.59073448547
1.0,-5.59073448547,-5.67073448547
1.0,-5.67073448547,-5.46073448547
1.0,-5.46073448547,-5.26073448547
1.0,-5.26073448547,-4.55073448547
1.0,-4.55073448547,-4.47073448547
1.0,-4.47073448547,-3.43073448547
1.0,-3.43073448547,-3.52073448547
1.0,-3.52073448547,-3.60073448547
1.0,-3.60073448547,-3.27073448547
1.0,-3.27073448547,-2.77073448547
1.0,-2.77073448547,-3.68073448547
1.0,-3.68073448547,-3.93073448547
1.0,-3.93073448547,-3.27073448547
1.0,-3.27073448547,-3.68073448547
1.0,-3.68073448547,-4.10073448547
1.0,-4.10073448547,-4.05073448547
1.0,-4.05073448547,-4.05073448547
1.0,-4.05073448547,-4.34073448547
1.0,-4.34073448547,-4.51073448547
1.0,-4.51073448547,-4.39073448547
1.0,-4.39073448547,-4.63073448547
1.0,-4.63073448547,-4.97073448547
1.0,-4.97073448547,-5.38073448547
1.0,-5.38073448547,-5.09073448547
1.0,-5.09073448547,-5.17073448547
1.0,-5.17073448547,-5.34073448547
1.0,-5.34073448547,-4.92073448547
1.0,-4.92073448547,-4.72073448547
1.0,-4.72073448547,-4.59073448547
1.0,-4.59073448547,-4.92073448547
1.0,-4.92073448547,-5.50073448547
1.0,-5.50073448547,-5.34073448547
1.0,-5.34073448547,-5.67073448547
1.0,-5.67073448547,-6.41073448547
1.0,-6.41073448547,-6.04073448547
1.0,-6.04073448547,-5.67073448547
1.0,-5.67073448547,-5.67073448547
1.0,-5.67073448547,-5.75073448547
1.0,-5.75073448547,-5.88073448547
1.0,-5.88073448547,-5.59073448547
1.0,-5.59073448547,-5.26073448547
1.0,-5.26073448547,-4.92073448547
1.0,-4.92073448547,-5.13073448547
1.0,-5.13073448547,-5.26073448547
1.0,-5.26073448547,-5.17073448547
1.0,-5.17073448547,-5.05073448547
1.0,-5.05073448547,-4.55073448547
1.0,-4.55073448547,-4.18073448547
1.0,-4.18073448547,-4.34073448547
1.0,-4.34073448547,-4.34073448547
1.0,-4.34073448547,-4.68073448547
1.0,-4.68073448547,-4.55073448547
1.0,-4.55073448547,-4.14073448547
1.0,-4.14073448547,-4.30073448547
1.0,-4.30073448547,-4.10073448547
1.0,-4.10073448547,-3.85073448547
1.0,-3.85073448547,-3.93073448547
1.0,-3.93073448547,-4.14073448547
1.0,-4.14073448547,-4.43073448547
1.0,-4.43073448547,-4.43073448547
1.0,-4.43073448547,-4.30073448547
1.0,-4.30073448547,-4.43073448547
1.0,-4.43073448547,-4.43073448547
1.0,-4.43073448547,-4.51073448547
1.0,-4.51073448547,-4.43073448547
1.0,-4.43073448547,-4.59073448547
1.0,-4.59073448547,-4.30073448547
1.0,-4.30073448547,-4.59073448547
1.0,-4.59073448547,-4.47073448547
1.0,-4.47073448547,-4.51073448547
1.0,-4.51073448547,-4.59073448547
1.0,-4.59073448547,-4.26073448547
1.0,-4.26073448547,-4.34073448547
1.0,-4.34073448547,-4.26073448547
1.0,-4.26073448547,-4.51073448547
1.0,-4.51073448547,-4.55073448547
1.0,-4.55073448547,-5.05073448547
1.0,-5.05073448547,-5.42073448547
1.0,-5.42073448547,-5.50073448547
1.0,-5.50073448547,-4.76073448547
1.0,-4.76073448547,-5.26073448547
1.0,-5.26073448547,-5.42073448547
1.0,-5.42073448547,-5.30073448547
1.0,-5.30073448547,-5.13073448547
1.0,-5.13073448547,-5.09073448547
1.0,-5.09073448547,-4.84073448547
1.0,-4.84073448547,-5.09073448547
1.0,-5.09073448547,-5.30073448547
1.0,-5.30073448547,-5.34073448547
1.0,-5.34073448547,-5.30073448547
1.0,-5.30073448547,-5.26073448547
1.0,-5.26073448547,-5.21073448547
1.0,-5.21073448547,-5.30073448547
1.0,-5.30073448547,-5.34073448547
1.0,-5.34073448547,-4.88073448547
1.0,-4.88073448547,-4.59073448547
1.0,-4.59073448547,-5.09073448547
1.0,-5.09073448547,-4.84073448547
1.0,-4.84073448547,-4.43073448547
1.0,-4.43073448547,-4.22073448547
1.0,-4.22073448547,-4.55073448547
1.0,-4.55073448547,-3.14073448547
1.0,-3.14073448547,-2.98073448547
1.0,-2.98073448547,-3.56073448547
1.0,-3.56073448547,-3.64073448547
1.0,-3.64073448547,-3.39073448547
1.0,-3.39073448547,-3.56073448547
1.0,-3.56073448547,-3.97073448547
1.0,-3.97073448547,-4.26073448547
1.0,-4.26073448547,-4.10073448547
1.0,-4.10073448547,-3.81073448547
1.0,-3.81073448547,-3.68073448547
1.0,-3.68073448547,-3.81073448547
1.0,-3.81073448547,-3.68073448547
1.0,-3.68073448547,-3.72073448547
1.0,-3.72073448547,-3.72073448547
1.0,-3.72073448547,-3.97073448547
1.0,-3.97073448547,-4.10073448547
1.0,-4.10073448547,-4.14073448547
1.0,-4.14073448547,-4.14073448547
1.0,-4.14073448547,-4.34073448547
1.0,-4.34073448547,-4.51073448547
1.0,-4.51073448547,-4.51073448547
1.0,-4.51073448547,-4.51073448547
1.0,-4.51073448547,-4.43073448547
1.0,-4.43073448547,-4.68073448547
1.0,-4.68073448547,-4.92073448547
1.0,-4.92073448547,-4.59073448547
1.0,-4.59073448547,-4.63073448547
1.0,-4.63073448547,-4.92073448547
1.0,-4.92073448547,-4.88073448547
1.0,-4.88073448547,-4.88073448547
1.0,-4.88073448547,-4.92073448547
1.0,-4.92073448547,-4.39073448547
1.0,-4.39073448547,-4.80073448547
1.0,-4.80073448547,-4.72073448547
1.0,-4.72073448547,-4.92073448547
1.0,-4.92073448547,-4.76073448547
1.0,-4.76073448547,-4.68073448547
1.0,-4.68073448547,-4.47073448547
1.0,-4.47073448547,-4.68073448547
1.0,-4.68073448547,-4.84073448547
1.0,-4.84073448547,-4.76073448547
1.0,-4.76073448547,-4.76073448547
1.0,-4.76073448547,-5.17073448547
1.0,-5.17073448547,-5.21073448547
1.0,-5.21073448547,-5.42073448547
1.0,-5.42073448547,-5.26073448547
1.0,-5.26073448547,-5.34073448547
1.0,-5.34073448547,-5.17073448547
1.0,-5.17073448547,-5.09073448547
1.0,-5.09073448547,-5.34073448547
1.0,-5.34073448547,-5.59073448547
1.0,-5.59073448547,-5.67073448547
1.0,-5.67073448547,-5.75073448547
1.0,-5.75073448547,-5.83073448547
1.0,-5.83073448547,-5.54073448547
1.0,-5.54073448547,-5.54073448547
1.0,-5.54073448547,-5.50073448547
1.0,-5.50073448547,-5.59073448547
1.0,-5.59073448547,-6.12073448547
1.0,-6.12073448547,-6.33073448547
1.0,-6.33073448547,-6.50073448547
1.0,-6.50073448547,-6.70073448547
1.0,-6.70073448547,-6.79073448547
1.0,-6.79073448547,-7.04073448547
1.0,-7.04073448547,-7.20073448547
1.0,-7.20073448547,-6.29073448547
1.0,-6.29073448547,-6.70073448547
1.0,-6.70073448547,-6.83073448547
1.0,-6.83073448547,-6.91073448547
1.0,-6.91073448547,-7.08073448547
1.0,-7.08073448547,-6.83073448547
1.0,-6.83073448547,-7.08073448547
1.0,-7.08073448547,-6.95073448547
1.0,-6.95073448547,-7.12073448547
1.0,-7.12073448547,-7.16073448547
1.0,-7.16073448547,-7.04073448547
1.0,-7.04073448547,-6.95073448547
1.0,-6.95073448547,-7.08073448547
1.0,-7.08073448547,-7.04073448547
1.0,-7.04073448547,-6.54073448547
1.0,-6.54073448547,-6.79073448547
1.0,-6.79073448547,-6.75073448547
1.0,-6.75073448547,-6.91073448547
1.0,-6.91073448547,-7.20073448547
1.0,-7.20073448547,-7.08073448547
1.0,-7.08073448547,-6.99073448547
1.0,-6.99073448547,-7.08073448547
1.0,-7.08073448547,-7.24073448547
1.0,-7.24073448547,-7.20073448547
1.0,-7.20073448547,-6.95073448547
1.0,-6.95073448547,-6.95073448547
1.0,-6.95073448547,-6.99073448547
1.0,-6.99073448547,-6.95073448547
1.0,-6.95073448547,-7.04073448547
1.0,-7.04073448547,-7.33073448547
1.0,-7.33073448547,-7.24073448547
1.0,-7.24073448547,-7.08073448547
1.0,-7.08073448547,-6.99073448547
1.0,-6.99073448547,-6.99073448547
1.0,-6.99073448547,-7.20073448547
1.0,-7.20073448547,-7.24073448547
1.0,-7.24073448547,-7.08073448547
1.0,-7.08073448547,-7.20073448547
1.0,-7.20073448547,-7.37073448547
1.0,-7.37073448547,-6.79073448547
1.0,-6.79073448547,-6.41073448547
1.0,-6.41073448547,-6.25073448547
1.0,-6.25073448547,-6.33073448547
1.0,-6.33073448547,-6.25073448547
1.0,-6.25073448547,-6.08073448547
1.0,-6.08073448547,-6.00073448547
1.0,-6.00073448547,-6.00073448547
1.0,-6.00073448547,-5.75073448547
1.0,-5.75073448547,-5.75073448547
1.0,-5.75073448547,-6.50073448547
1.0,-6.50073448547,-6.04073448547
1.0,-6.04073448547,-6.08073448547
1.0,-6.08073448547,-5.88073448547
1.0,-5.88073448547,-5.79073448547
1.0,-5.79073448547,-5.83073448547
1.0,-5.83073448547,-5.75073448547
1.0,-5.75073448547,-5.50073448547
1.0,-5.50073448547,-4.72073448547
1.0,-4.72073448547,-4.63073448547
1.0,-4.63073448547,-5.05073448547
1.0,-5.05073448547,-5.01073448547
1.0,-5.01073448547,-4.97073448547
1.0,-4.97073448547,-5.26073448547
1.0,-5.26073448547,-5.79073448547
1.0,-5.79073448547,-5.96073448547
1.0,-5.96073448547,-6.41073448547
1.0,-6.41073448547,-6.62073448547
1.0,-6.62073448547,-6.62073448547
1.0,-6.62073448547,-6.33073448547
1.0,-6.33073448547,-5.26073448547
1.0,-5.26073448547,-4.80073448547
1.0,-4.80073448547,-4.88073448547
1.0,-4.88073448547,-4.80073448547
1.0,-4.80073448547,-4.76073448547
1.0,-4.76073448547,-4.34073448547
1.0,-4.34073448547,-4.68073448547
1.0,-4.68073448547,-4.55073448547
1.0,-4.55073448547,-4.01073448547
1.0,-4.01073448547,-3.97073448547
1.0,-3.97073448547,-3.64073448547
1.0,-3.64073448547,-4.22073448547
1.0,-4.22073448547,-4.10073448547
1.0,-4.10073448547,-4.39073448547
1.0,-4.39073448547,-4.26073448547
1.0,-4.26073448547,-3.89073448547
1.0,-3.89073448547,-4.22073448547
1.0,-4.22073448547,-4.14073448547
1.0,-4.14073448547,-4.39073448547
1.0,-4.39073448547,-4.14073448547
1.0,-4.14073448547,-4.01073448547
1.0,-4.01073448547,-3.85073448547
1.0,-3.85073448547,-4.01073448547
1.0,-4.01073448547,-4.18073448547
1.0,-4.18073448547,-3.85073448547
1.0,-3.85073448547,-3.14073448547
1.0,-3.14073448547,-1.86073448547
1.0,-1.86073448547,-2.44073448547
1.0,-2.44073448547,-2.40073448547
1.0,-2.40073448547,-2.77073448547
1.0,-2.77073448547,-2.56073448547
1.0,-2.56073448547,-1.65073448547
1.0,-1.65073448547,-1.07073448547
1.0,-1.07073448547,-1.24073448547
1.0,-1.24073448547,0.0392655145326
1.0,0.0392655145326,-0.820734485467
1.0,-0.820734485467,-0.700734485467
1.0,-0.700734485467,-1.40073448547
1.0,-1.40073448547,-2.15073448547
1.0,-2.15073448547,-0.820734485467
1.0,-0.820734485467,-0.450734485467
1.0,-0.450734485467,-0.450734485467
1.0,-0.450734485467,-0.530734485467
1.0,-0.530734485467,-0.0407344854674
1.0,-0.0407344854674,0.249265514533
1.0,0.249265514533,-0.620734485467
1.0,-0.620734485467,-0.490734485467
1.0,-0.490734485467,-0.200734485467
1.0,-0.200734485467,-0.240734485467
1.0,-0.240734485467,-0.200734485467
1.0,-0.200734485467,-0.780734485467
1.0,-0.780734485467,-0.410734485467
1.0,-0.410734485467,-0.0407344854674
1.0,-0.0407344854674,-0.160734485467
1.0,-0.160734485467,-0.450734485467
1.0,-0.450734485467,-0.410734485467
1.0,-0.410734485467,-0.870734485467
1.0,-0.870734485467,-1.20073448547
1.0,-1.20073448547,-1.74073448547
1.0,-1.74073448547,-2.73073448547
1.0,-2.73073448547,-2.03073448547
1.0,-2.03073448547,-1.74073448547
1.0,-1.74073448547,-2.19073448547
1.0,-2.19073448547,-2.27073448547
1.0,-2.27073448547,-2.44073448547
1.0,-2.44073448547,-2.44073448547
1.0,-2.44073448547,-3.06073448547
1.0,-3.06073448547,-3.43073448547
1.0,-3.43073448547,-3.43073448547
1.0,-3.43073448547,-3.89073448547
1.0,-3.89073448547,-3.60073448547
1.0,-3.60073448547,-4.39073448547
1.0,-4.39073448547,-4.34073448547
1.0,-4.34073448547,-4.14073448547
1.0,-4.14073448547,-4.30073448547
1.0,-4.30073448547,-4.14073448547
1.0,-4.14073448547,-3.81073448547
1.0,-3.81073448547,-3.56073448547
1.0,-3.56073448547,-3.18073448547
1.0,-3.18073448547,-2.44073448547
1.0,-2.44073448547,-2.11073448547
1.0,-2.11073448547,-2.11073448547
1.0,-2.11073448547,-2.69073448547
1.0,-2.69073448547,-2.81073448547
1.0,-2.81073448547,-2.69073448547
1.0,-2.69073448547,-2.85073448547
1.0,-2.85073448547,-3.35073448547
1.0,-3.35073448547,-3.56073448547
1.0,-3.56073448547,-4.51073448547
1.0,-4.51073448547,-5.09073448547
1.0,-5.09073448547,-4.84073448547
1.0,-4.84073448547,-4.59073448547
1.0,-4.59073448547,-4.72073448547
1.0,-4.72073448547,-5.01073448547
1.0,-5.01073448547,-5.05073448547
1.0,-5.05073448547,-5.05073448547
1.0,-5.05073448547,-5.17073448547
1.0,-5.17073448547,-5.21073448547
1.0,-5.21073448547,-5.50073448547
1.0,-5.50073448547,-4.97073448547
1.0,-4.97073448547,-5.01073448547
1.0,-5.01073448547,-4.30073448547
1.0,-4.30073448547,-3.81073448547
1.0,-3.81073448547,-3.85073448547
1.0,-3.85073448547,-3.93073448547
1.0,-3.93073448547,-3.64073448547
1.0,-3.64073448547,-3.93073448547
1.0,-3.93073448547,-4.10073448547
1.0,-4.10073448547,-3.93073448547
1.0,-3.93073448547,-4.05073448547
1.0,-4.05073448547,-3.97073448547
1.0,-3.97073448547,-4.26073448547
1.0,-4.26073448547,-3.97073448547
1.0,-3.97073448547,-4.18073448547
1.0,-4.18073448547,-3.27073448547
1.0,-3.27073448547,-3.27073448547
1.0,-3.27073448547,-3.35073448547
1.0,-3.35073448547,-3.18073448547
1.0,-3.18073448547,-3.27073448547
1.0,-3.27073448547,-2.94073448547
1.0,-2.94073448547,-3.18073448547
1.0,-3.18073448547,-3.93073448547
1.0,-3.93073448547,-3.93073448547
1.0,-3.93073448547,-4.18073448547
1.0,-4.18073448547,-3.76073448547
1.0,-3.76073448547,-3.52073448547
1.0,-3.52073448547,-3.14073448547
1.0,-3.14073448547,-3.14073448547
1.0,-3.14073448547,-3.02073448547
1.0,-3.02073448547,-2.32073448547
1.0,-2.32073448547,-2.61073448547
1.0,-2.61073448547,-2.69073448547
1.0,-2.69073448547,-2.65073448547
1.0,-2.65073448547,-2.27073448547
1.0,-2.27073448547,-2.69073448547
1.0,-2.69073448547,-2.69073448547
1.0,-2.69073448547,-2.61073448547
1.0,-2.61073448547,-2.69073448547
1.0,-2.69073448547,-2.36073448547
1.0,-2.36073448547,-2.03073448547
1.0,-2.03073448547,-2.03073448547
1.0,-2.03073448547,-2.32073448547
1.0,-2.32073448547,-1.98073448547
1.0,-1.98073448547,-2.03073448547
1.0,-2.03073448547,-2.07073448547
1.0,-2.07073448547,-1.36073448547
1.0,-1.36073448547,-1.28073448547
1.0,-1.28073448547,-1.24073448547
1.0,-1.24073448547,-0.740734485467
1.0,-0.740734485467,-0.700734485467
1.0,-0.700734485467,-0.870734485467
1.0,-0.870734485467,-1.61073448547
1.0,-1.61073448547,-1.61073448547
1.0,-1.61073448547,-1.61073448547
1.0,-1.61073448547,-2.07073448547
1.0,-2.07073448547,-1.94073448547
1.0,-1.94073448547,-2.27073448547
1.0,-2.27073448547,-2.48073448547
1.0,-2.48073448547,-2.11073448547
1.0,-2.11073448547,-2.07073448547
1.0,-2.07073448547,-1.94073448547
1.0,-1.94073448547,-1.94073448547
1.0,-1.94073448547,-2.14073448547
1.0,-2.14073448547,-2.44073448547
1.0,-2.44073448547,-2.56073448547
1.0,-2.56073448547,-1.97073448547
1.0,-1.97073448547,-2.21073448547
1.0,-2.21073448547,-2.11073448547
1.0,-2.11073448547,-1.94073448547
1.0,-1.94073448547,-2.17073448547
1.0,-2.17073448547,-2.04073448547
1.0,-2.04073448547,-1.73073448547
1.0,-1.73073448547,-1.58073448547
1.0,-1.58073448547,-1.71073448547
1.0,-1.71073448547,-1.78073448547
1.0,-1.78073448547,-1.88073448547
1.0,-1.88073448547,-1.78073448547
1.0,-1.78073448547,-1.08073448547
1.0,-1.08073448547,-1.55073448547
1.0,-1.55073448547,-1.35073448547
1.0,-1.35073448547,-1.18073448547
1.0,-1.18073448547,-1.26073448547
1.0,-1.26073448547,-1.31073448547
1.0,-1.31073448547,-1.94073448547
1.0,-1.94073448547,-2.31073448547
1.0,-2.31073448547,-2.31073448547
1.0,-2.31073448547,-2.47073448547
1.0,-2.47073448547,-2.54073448547
1.0,-2.54073448547,-2.62073448547
1.0,-2.62073448547,-3.04073448547
1.0,-3.04073448547,-3.18073448547
1.0,-3.18073448547,-3.59073448547
1.0,-3.59073448547,-3.63073448547
1.0,-3.63073448547,-3.76073448547
1.0,-3.76073448547,-3.10073448547
1.0,-3.10073448547,-3.27073448547
1.0,-3.27073448547,-2.57073448547
1.0,-2.57073448547,-2.80073448547
1.0,-2.80073448547,-2.74073448547
1.0,-2.74073448547,-3.13073448547
1.0,-3.13073448547,-2.84073448547
1.0,-2.84073448547,-2.78073448547
1.0,-2.78073448547,-3.17073448547
1.0,-3.17073448547,-3.57073448547
1.0,-3.57073448547,-3.55073448547
1.0,-3.55073448547,-3.07073448547
1.0,-3.07073448547,-2.90073448547
1.0,-2.90073448547,-3.42073448547
1.0,-3.42073448547,-3.90073448547
1.0,-3.90073448547,-3.43073448547
1.0,-3.43073448547,-3.56073448547
1.0,-3.56073448547,-3.23073448547
1.0,-3.23073448547,-3.37073448547
1.0,-3.37073448547,-3.33073448547
1.0,-3.33073448547,-3.63073448547
1.0,-3.63073448547,-3.78073448547
1.0,-3.78073448547,-3.40073448547
1.0,-3.40073448547,-3.00073448547
1.0,-3.00073448547,-2.60073448547
1.0,-2.60073448547,-2.67073448547
1.0,-2.67073448547,-2.77073448547
1.0,-2.77073448547,-2.64073448547
1.0,-2.64073448547,-2.80073448547
1.0,-2.80073448547,-2.74073448547
1.0,-2.74073448547,-1.94073448547
1.0,-1.94073448547,-1.93073448547
1.0,-1.93073448547,-1.78073448547
1.0,-1.78073448547,-0.960734485467
1.0,-0.960734485467,-1.38073448547
1.0,-1.38073448547,-1.31073448547
1.0,-1.31073448547,-1.11073448547
1.0,-1.11073448547,-1.31073448547
1.0,-1.31073448547,-0.620734485467
1.0,-0.620734485467,-1.07073448547
1.0,-1.07073448547,-0.850734485467
1.0,-0.850734485467,-0.950734485467
1.0,-0.950734485467,-0.580734485467
1.0,-0.580734485467,-0.0207344854674
1.0,-0.0207344854674,-0.190734485467
1.0,-0.190734485467,-0.190734485467
1.0,-0.190734485467,-0.230734485467
1.0,-0.230734485467,-0.540734485467
1.0,-0.540734485467,-0.540734485467
1.0,-0.540734485467,-0.490734485467
1.0,-0.490734485467,-0.0907344854674
1.0,-0.0907344854674,-0.0307344854674
1.0,-0.0307344854674,-0.290734485467
1.0,-0.290734485467,-0.370734485467
1.0,-0.370734485467,-0.620734485467
1.0,-0.620734485467,0.0392655145326
1.0,0.0392655145326,-0.0107344854674
1.0,-0.0107344854674,-0.670734485467
1.0,-0.670734485467,-0.540734485467
1.0,-0.540734485467,-0.620734485467
1.0,-0.620734485467,0.0292655145326
1.0,0.0292655145326,-0.520734485467
1.0,-0.520734485467,-0.920734485467
1.0,-0.920734485467,-1.28073448547
1.0,-1.28073448547,-0.620734485467
1.0,-0.620734485467,-1.02073448547
1.0,-1.02073448547,-1.05073448547
1.0,-1.05073448547,-1.05073448547
1.0,-1.05073448547,-0.520734485467
1.0,-0.520734485467,-1.05073448547
1.0,-1.05073448547,-1.05073448547
1.0,-1.05073448547,-1.15073448547
1.0,-1.15073448547,-1.44073448547
1.0,-1.44073448547,-1.68073448547
1.0,-1.68073448547,-1.61073448547
1.0,-1.61073448547,-1.77073448547
1.0,-1.77073448547,-1.48073448547
1.0,-1.48073448547,-1.88073448547
1.0,-1.88073448547,-1.94073448547
1.0,-1.94073448547,-2.34073448547
1.0,-2.34073448547,-2.04073448547
1.0,-2.04073448547,-2.14073448547
1.0,-2.14073448547,-1.81073448547
1.0,-1.81073448547,-1.27073448547
1.0,-1.27073448547,-1.61073448547
1.0,-1.61073448547,-2.06073448547
1.0,-2.06073448547,-2.54073448547
1.0,-2.54073448547,-2.92073448547
1.0,-2.92073448547,-2.27073448547
1.0,-2.27073448547,-2.54073448547
1.0,-2.54073448547,-2.31073448547
1.0,-2.31073448547,-2.27073448547
1.0,-2.27073448547,-1.88073448547
1.0,-1.88073448547,-1.91073448547
1.0,-1.91073448547,-2.27073448547
1.0,-2.27073448547,-2.84073448547
1.0,-2.84073448547,-2.99073448547
1.0,-2.99073448547,-3.16073448547
1.0,-3.16073448547,-3.12073448547
1.0,-3.12073448547,-3.76073448547
1.0,-3.76073448547,-3.33073448547
1.0,-3.33073448547,-3.24073448547
1.0,-3.24073448547,-3.37073448547
1.0,-3.37073448547,-3.20073448547
1.0,-3.20073448547,-3.00073448547
1.0,-3.00073448547,-2.78073448547
1.0,-2.78073448547,-3.17073448547
1.0,-3.17073448547,-3.12073448547
1.0,-3.12073448547,-3.04073448547
1.0,-3.04073448547,-3.04073448547
1.0,-3.04073448547,-3.76073448547
1.0,-3.76073448547,-4.20073448547
1.0,-4.20073448547,-3.83073448547
1.0,-3.83073448547,-3.43073448547
1.0,-3.43073448547,-3.43073448547
1.0,-3.43073448547,-3.53073448547
1.0,-3.53073448547,-3.73073448547
1.0,-3.73073448547,-3.53073448547
1.0,-3.53073448547,-3.10073448547
1.0,-3.10073448547,-2.90073448547
1.0,-2.90073448547,-2.87073448547
1.0,-2.87073448547,-2.82073448547
1.0,-2.82073448547,-2.94073448547
1.0,-2.94073448547,-2.82073448547
1.0,-2.82073448547,-5.35073448547
1.0,-5.35073448547,-5.72073448547
1.0,-5.72073448547,-5.60073448547
1.0,-5.60073448547,-6.18073448547
1.0,-6.18073448547,-6.12073448547
1.0,-6.12073448547,-5.33073448547
1.0,-5.33073448547,-4.92073448547
1.0,-4.92073448547,-5.26073448547
1.0,-5.26073448547,-5.26073448547
1.0,-5.26073448547,-5.26073448547
1.0,-5.26073448547,-5.22073448547
1.0,-5.22073448547,-5.20073448547
1.0,-5.20073448547,-5.02073448547
1.0,-5.02073448547,-4.46073448547
1.0,-4.46073448547,-4.43073448547
1.0,-4.43073448547,-4.46073448547
1.0,-4.46073448547,-4.16073448547
1.0,-4.16073448547,-4.13073448547
1.0,-4.13073448547,-3.90073448547
1.0,-3.90073448547,-3.96073448547
1.0,-3.96073448547,-4.20073448547
1.0,-4.20073448547,-4.45073448547
1.0,-4.45073448547,-4.36073448547
1.0,-4.36073448547,-4.33073448547
1.0,-4.33073448547,-4.29073448547
1.0,-4.29073448547,-4.29073448547
1.0,-4.29073448547,-4.06073448547
1.0,-4.06073448547,-4.20073448547
1.0,-4.20073448547,-4.25073448547
1.0,-4.25073448547,-3.83073448547
1.0,-3.83073448547,-3.92073448547
1.0,-3.92073448547,-3.70073448547
1.0,-3.70073448547,-3.41073448547
1.0,-3.41073448547,-3.27073448547
1.0,-3.27073448547,-3.43073448547
1.0,-3.43073448547,-3.43073448547
1.0,-3.43073448547,-3.54073448547
1.0,-3.54073448547,-4.00073448547
1.0,-4.00073448547,-4.09073448547
1.0,-4.09073448547,-3.82073448547
1.0,-3.82073448547,-3.90073448547
1.0,-3.90073448547,-3.86073448547
1.0,-3.86073448547,-3.50073448547
1.0,-3.50073448547,-3.53073448547
1.0,-3.53073448547,-2.94073448547
1.0,-2.94073448547,-2.28073448547
1.0,-2.28073448547,-2.54073448547
1.0,-2.54073448547,-2.64073448547
1.0,-2.64073448547,-2.60073448547
1.0,-2.60073448547,-2.54073448547
1.0,-2.54073448547,-2.44073448547
1.0,-2.44073448547,-2.64073448547
1.0,-2.64073448547,-2.44073448547
1.0,-2.44073448547,-2.41073448547
1.0,-2.41073448547,-2.84073448547
1.0,-2.84073448547,-2.77073448547
1.0,-2.77073448547,-2.77073448547
1.0,-2.77073448547,-2.43073448547
1.0,-2.43073448547,-2.27073448547
1.0,-2.27073448547,-2.11073448547
1.0,-2.11073448547,-2.21073448547
1.0,-2.21073448547,-2.10073448547
1.0,-2.10073448547,-2.11073448547
1.0,-2.11073448547,-2.24073448547
1.0,-2.24073448547,-2.01073448547
1.0,-2.01073448547,-2.14073448547
1.0,-2.14073448547,-2.14073448547
1.0,-2.14073448547,-2.13073448547
1.0,-2.13073448547,-2.34073448547
1.0,-2.34073448547,-2.34073448547
1.0,-2.34073448547,-2.74073448547
1.0,-2.74073448547,-2.51073448547
1.0,-2.51073448547,-2.35073448547
1.0,-2.35073448547,-2.41073448547
1.0,-2.41073448547,-2.02073448547
1.0,-2.02073448547,-2.00073448547
1.0,-2.00073448547,-1.90073448547
1.0,-1.90073448547,-1.18073448547
1.0,-1.18073448547,-0.680734485467
1.0,-0.680734485467,-0.950734485467
1.0,-0.950734485467,-1.01073448547
1.0,-1.01073448547,-1.45073448547
1.0,-1.45073448547,-1.94073448547
1.0,-1.94073448547,-1.81073448547
1.0,-1.81073448547,-1.81073448547
1.0,-1.81073448547,-1.81073448547
1.0,-1.81073448547,-1.81073448547
1.0,-1.81073448547,-1.68073448547
1.0,-1.68073448547,-1.68073448547
1.0,-1.68073448547,-1.68073448547
1.0,-1.68073448547,-1.16073448547
1.0,-1.16073448547,-0.960734485467
1.0,-0.960734485467,-0.820734485467
1.0,-0.820734485467,-0.840734485467
1.0,-0.840734485467,-1.29073448547
1.0,-1.29073448547,-1.35073448547
1.0,-1.35073448547,-1.41073448547
1.0,-1.41073448547,-1.28073448547
1.0,-1.28073448547,-1.28073448547
1.0,-1.28073448547,-0.960734485467
1.0,-0.960734485467,-0.650734485467
1.0,-0.650734485467,-0.520734485467
1.0,-0.520734485467,-0.500734485467
1.0,-0.500734485467,-0.450734485467
1.0,-0.450734485467,-0.320734485467
1.0,-0.320734485467,-0.880734485467
1.0,-0.880734485467,-0.520734485467
1.0,-0.520734485467,-0.620734485467
1.0,-0.620734485467,-0.660734485467
1.0,-0.660734485467,-0.930734485467
1.0,-0.930734485467,-0.880734485467
1.0,-0.880734485467,-0.650734485467
1.0,-0.650734485467,-0.720734485467
1.0,-0.720734485467,-0.960734485467
1.0,-0.960734485467,-1.11073448547
1.0,-1.11073448547,-0.960734485467
1.0,-0.960734485467,-0.760734485467
1.0,-0.760734485467,-0.760734485467
1.0,-0.760734485467,-1.08073448547
1.0,-1.08073448547,-1.08073448547
1.0,-1.08073448547,-0.820734485467
1.0,-0.820734485467,-0.650734485467
1.0,-0.650734485467,-0.790734485467
1.0,-0.790734485467,-0.740734485467
1.0,-0.740734485467,-0.720734485467
1.0,-0.720734485467,-0.730734485467
1.0,-0.730734485467,-0.810734485467
1.0,-0.810734485467,-1.08073448547
1.0,-1.08073448547,-0.850734485467
1.0,-0.850734485467,-1.08073448547
1.0,-1.08073448547,-0.920734485467
1.0,-0.920734485467,-0.980734485467
1.0,-0.980734485467,-0.980734485467
1.0,-0.980734485467,-1.25073448547
1.0,-1.25073448547,-1.51073448547
1.0,-1.51073448547,-1.61073448547
1.0,-1.61073448547,-1.78073448547
1.0,-1.78073448547,-1.90073448547
1.0,-1.90073448547,-1.61073448547
1.0,-1.61073448547,-1.38073448547
1.0,-1.38073448547,-1.36073448547
1.0,-1.36073448547,-1.61073448547
1.0,-1.61073448547,-1.35073448547
1.0,-1.35073448547,-1.69073448547
1.0,-1.69073448547,-1.58073448547
1.0,-1.58073448547,-0.920734485467
1.0,-0.920734485467,-1.21073448547
1.0,-1.21073448547,-1.13073448547
1.0,-1.13073448547,-1.02073448547
1.0,-1.02073448547,-1.08073448547
1.0,-1.08073448547,-1.21073448547
1.0,-1.21073448547,-1.02073448547
1.0,-1.02073448547,-1.02073448547
1.0,-1.02073448547,-1.08073448547
1.0,-1.08073448547,-1.15073448547
1.0,-1.15073448547,-0.880734485467
1.0,-0.880734485467,-0.630734485467
1.0,-0.630734485467,-0.630734485467
1.0,-0.630734485467,-0.680734485467
1.0,-0.680734485467,-0.650734485467
1.0,-0.650734485467,-0.580734485467
1.0,-0.580734485467,-0.640734485467
1.0,-0.640734485467,-0.480734485467
1.0,-0.480734485467,-0.610734485467
1.0,-0.610734485467,-0.290734485467
1.0,-0.290734485467,0.0592655145326
1.0,0.0592655145326,0.379265514533
1.0,0.379265514533,0.929265514533
1.0,0.929265514533,0.929265514533
1.0,0.929265514533,0.719265514533
1.0,0.719265514533,0.819265514533
1.0,0.819265514533,0.819265514533
1.0,0.819265514533,0.719265514533
1.0,0.719265514533,0.529265514533
1.0,0.529265514533,1.12926551453
1.0,1.12926551453,1.16926551453
1.0,1.16926551453,1.60926551453
1.0,1.60926551453,1.46926551453
1.0,1.46926551453,1.38926551453
1.0,1.38926551453,2.10926551453
1.0,2.10926551453,1.74926551453
1.0,1.74926551453,1.71926551453
1.0,1.71926551453,2.54926551453
1.0,2.54926551453,2.40926551453
1.0,2.40926551453,1.84926551453
1.0,1.84926551453,1.45926551453
1.0,1.45926551453,1.36926551453
1.0,1.36926551453,1.24926551453
1.0,1.24926551453,1.15926551453
1.0,1.15926551453,0.989265514533
1.0,0.989265514533,0.989265514533
1.0,0.989265514533,1.12926551453
1.0,1.12926551453,1.64926551453
1.0,1.64926551453,1.88926551453
1.0,1.88926551453,1.38926551453
1.0,1.38926551453,1.38926551453
1.0,1.38926551453,1.58926551453
1.0,1.58926551453,1.44926551453
1.0,1.44926551453,1.24926551453
1.0,1.24926551453,1.81926551453
1.0,1.81926551453,2.64926551453
1.0,2.64926551453,2.65926551453
1.0,2.65926551453,2.29926551453
1.0,2.29926551453,2.18926551453
1.0,2.18926551453,1.90926551453
1.0,1.90926551453,1.90926551453
1.0,1.90926551453,1.68926551453
1.0,1.68926551453,1.74926551453
1.0,1.74926551453,1.58926551453
1.0,1.58926551453,0.859265514533
1.0,0.859265514533,0.349265514533
1.0,0.349265514533,0.0492655145326
1.0,0.0492655145326,0.449265514533
1.0,0.449265514533,0.199265514533
1.0,0.199265514533,0.789265514533
1.0,0.789265514533,0.589265514533
1.0,0.589265514533,0.449265514533
1.0,0.449265514533,1.06926551453
1.0,1.06926551453,1.04926551453
1.0,1.04926551453,0.789265514533
1.0,0.789265514533,0.119265514533
1.0,0.119265514533,0.119265514533
1.0,0.119265514533,0.249265514533
1.0,0.249265514533,0.509265514533
1.0,0.509265514533,0.589265514533
1.0,0.589265514533,0.589265514533
1.0,0.589265514533,-0.910734485467
1.0,-0.910734485467,-0.820734485467
1.0,-0.820734485467,-0.610734485467
1.0,-0.610734485467,-0.500734485467
1.0,-0.500734485467,-0.550734485467
1.0,-0.550734485467,-0.530734485467
1.0,-0.530734485467,-0.610734485467
1.0,-0.610734485467,0.0492655145326
1.0,0.0492655145326,0.0492655145326
1.0,0.0492655145326,0.389265514533
1.0,0.389265514533,-0.410734485467
1.0,-0.410734485467,-1.21073448547
1.0,-1.21073448547,-1.28073448547
1.0,-1.28073448547,-1.77073448547
1.0,-1.77073448547,-1.77073448547
1.0,-1.77073448547,-2.08073448547
1.0,-2.08073448547,-2.08073448547
1.0,-2.08073448547,-2.08073448547
1.0,-2.08073448547,-2.55073448547
1.0,-2.55073448547,-2.68073448547
1.0,-2.68073448547,-2.75073448547
1.0,-2.75073448547,-2.41073448547
1.0,-2.41073448547,-2.21073448547
1.0,-2.21073448547,-2.55073448547
1.0,-2.55073448547,-2.55073448547
1.0,-2.55073448547,-2.48073448547
1.0,-2.48073448547,-2.55073448547
1.0,-2.55073448547,-2.78073448547
1.0,-2.78073448547,-2.95073448547
1.0,-2.95073448547,-3.11073448547
1.0,-3.11073448547,-3.41073448547
1.0,-3.41073448547,-3.41073448547
1.0,-3.41073448547,-3.38073448547
1.0,-3.38073448547,-3.67073448547
1.0,-3.67073448547,-3.88073448547
1.0,-3.88073448547,-3.68073448547
1.0,-3.68073448547,-3.68073448547
1.0,-3.68073448547,-4.27073448547
1.0,-4.27073448547,-4.48073448547
1.0,-4.48073448547,-4.48073448547
1.0,-4.48073448547,-4.55073448547
1.0,-4.55073448547,-4.98073448547
1.0,-4.98073448547,-4.98073448547
1.0,-4.98073448547,-4.71073448547
1.0,-4.71073448547,-4.39073448547
1.0,-4.39073448547,-4.39073448547
1.0,-4.39073448547,-4.21073448547
1.0,-4.21073448547,-3.31073448547
1.0,-3.31073448547,-3.41073448547
1.0,-3.41073448547,-3.21073448547
1.0,-3.21073448547,-3.11073448547
1.0,-3.11073448547,-2.37073448547
1.0,-2.37073448547,-2.69073448547
1.0,-2.69073448547,-2.73073448547
1.0,-2.73073448547,-2.85073448547
1.0,-2.85073448547,-3.34073448547
1.0,-3.34073448547,-3.34073448547
1.0,-3.34073448547,-3.48073448547
1.0,-3.48073448547,-3.39073448547
1.0,-3.39073448547,-2.88073448547
1.0,-2.88073448547,-2.81073448547
1.0,-2.81073448547,-2.85073448547
1.0,-2.85073448547,-3.18073448547
1.0,-3.18073448547,-3.05073448547
1.0,-3.05073448547,-3.11073448547
1.0,-3.11073448547,-3.01073448547
1.0,-3.01073448547,-3.33073448547
1.0,-3.33073448547,-3.08073448547
1.0,-3.08073448547,-2.81073448547
1.0,-2.81073448547,-2.85073448547
1.0,-2.85073448547,-2.75073448547
1.0,-2.75073448547,-3.08073448547
1.0,-3.08073448547,-3.08073448547
1.0,-3.08073448547,-3.21073448547
1.0,-3.21073448547,-3.11073448547
1.0,-3.11073448547,-3.11073448547
1.0,-3.11073448547,-2.95073448547
1.0,-2.95073448547,-2.95073448547
1.0,-2.95073448547,-2.91073448547
1.0,-2.91073448547,-2.29073448547
1.0,-2.29073448547,-2.37073448547
1.0,-2.37073448547,-2.16073448547
1.0,-2.16073448547,-2.28073448547
1.0,-2.28073448547,-2.33073448547
1.0,-2.33073448547,-2.39073448547
1.0,-2.39073448547,-2.39073448547
1.0,-2.39073448547,-2.37073448547
1.0,-2.37073448547,-2.21073448547
1.0,-2.21073448547,-2.21073448547
1.0,-2.21073448547,-2.05073448547
1.0,-2.05073448547,-1.88073448547
1.0,-1.88073448547,-1.90073448547
1.0,-1.90073448547,-1.90073448547
1.0,-1.90073448547,-2.05073448547
1.0,-2.05073448547,-2.11073448547
1.0,-2.11073448547,-2.15073448547
1.0,-2.15073448547,-2.28073448547
1.0,-2.28073448547,-2.53073448547
1.0,-2.53073448547,-2.53073448547
1.0,-2.53073448547,-2.81073448547
1.0,-2.81073448547,-2.68073448547
1.0,-2.68073448547,-2.87073448547
1.0,-2.87073448547,-2.41073448547
1.0,-2.41073448547,-2.03073448547
1.0,-2.03073448547,-1.63073448547
1.0,-1.63073448547,-1.35073448547
1.0,-1.35073448547,-1.35073448547
1.0,-1.35073448547,-0.960734485467
1.0,-0.960734485467,-1.08073448547
1.0,-1.08073448547,-1.38073448547
1.0,-1.38073448547,-1.75073448547
1.0,-1.75073448547,-1.54073448547
1.0,-1.54073448547,-1.69073448547
1.0,-1.69073448547,-1.61073448547
1.0,-1.61073448547,-1.56073448547
1.0,-1.56073448547,-1.65073448547
1.0,-1.65073448547,-1.65073448547
1.0,-1.65073448547,-1.65073448547
1.0,-1.65073448547,-1.75073448547
1.0,-1.75073448547,-1.81073448547
1.0,-1.81073448547,-1.63073448547
1.0,-1.63073448547,-1.32073448547
1.0,-1.32073448547,-0.910734485467
1.0,-0.910734485467,-1.61073448547
1.0,-1.61073448547,-1.75073448547
1.0,-1.75073448547,-1.48073448547
1.0,-1.48073448547,-1.61073448547
1.0,-1.61073448547,-1.65073448547
1.0,-1.65073448547,-1.75073448547
1.0,-1.75073448547,-1.75073448547
1.0,-1.75073448547,-1.63073448547
1.0,-1.63073448547,-1.74073448547
1.0,-1.74073448547,-1.83073448547
1.0,-1.83073448547,-2.01073448547
1.0,-2.01073448547,-2.21073448547
1.0,-2.21073448547,-2.12073448547
1.0,-2.12073448547,-2.33073448547
1.0,-2.33073448547,-2.44073448547
1.0,-2.44073448547,-2.85073448547
1.0,-2.85073448547,-2.61073448547
1.0,-2.61073448547,-2.68073448547
1.0,-2.68073448547,-3.08073448547
1.0,-3.08073448547,-3.09073448547
1.0,-3.09073448547,-3.15073448547
1.0,-3.15073448547,-3.18073448547
1.0,-3.18073448547,-3.32073448547
1.0,-3.32073448547,-3.15073448547
1.0,-3.15073448547,-3.37073448547
1.0,-3.37073448547,-3.15073448547
1.0,-3.15073448547,-3.15073448547
1.0,-3.15073448547,-3.08073448547
1.0,-3.08073448547,-2.82073448547
1.0,-2.82073448547,-2.65073448547
1.0,-2.65073448547,-2.29073448547
1.0,-2.29073448547,-2.85073448547
1.0,-2.85073448547,-3.01073448547
1.0,-3.01073448547,-3.01073448547
1.0,-3.01073448547,-3.17073448547
1.0,-3.17073448547,-3.26073448547
1.0,-3.26073448547,-3.85073448547
1.0,-3.85073448547,-4.51073448547
1.0,-4.51073448547,-4.19073448547
1.0,-4.19073448547,-3.99073448547
1.0,-3.99073448547,-4.00073448547
1.0,-4.00073448547,-4.19073448547
1.0,-4.19073448547,-4.31073448547
1.0,-4.31073448547,-4.45073448547
1.0,-4.45073448547,-4.38073448547
1.0,-4.38073448547,-3.95073448547
1.0,-3.95073448547,-4.25073448547
1.0,-4.25073448547,-3.85073448547
1.0,-3.85073448547,-4.21073448547
1.0,-4.21073448547,-4.41073448547
1.0,-4.41073448547,-4.09073448547
1.0,-4.09073448547,-4.88073448547
1.0,-4.88073448547,-5.23073448547
1.0,-5.23073448547,-5.23073448547
1.0,-5.23073448547,-5.37073448547
1.0,-5.37073448547,-4.97073448547
1.0,-4.97073448547,-4.55073448547
1.0,-4.55073448547,-4.81073448547
1.0,-4.81073448547,-4.91073448547
1.0,-4.91073448547,-4.31073448547
1.0,-4.31073448547,-3.88073448547
1.0,-3.88073448547,-4.11073448547
1.0,-4.11073448547,-4.54073448547
1.0,-4.54073448547,-4.61073448547
1.0,-4.61073448547,-4.60073448547
1.0,-4.60073448547,-4.01073448547
1.0,-4.01073448547,-4.15073448547
1.0,-4.15073448547,-4.17073448547
1.0,-4.17073448547,-4.01073448547
1.0,-4.01073448547,-4.21073448547
1.0,-4.21073448547,-4.08073448547
1.0,-4.08073448547,-4.07073448547
1.0,-4.07073448547,-3.81073448547
1.0,-3.81073448547,-3.35073448547
1.0,-3.35073448547,-3.18073448547
1.0,-3.18073448547,-2.79073448547
1.0,-2.79073448547,-3.21073448547
1.0,-3.21073448547,-3.39073448547
1.0,-3.39073448547,-3.09073448547
1.0,-3.09073448547,-3.04073448547
1.0,-3.04073448547,-3.19073448547
1.0,-3.19073448547,-2.96073448547
1.0,-2.96073448547,-3.21073448547
1.0,-3.21073448547,-3.33073448547
1.0,-3.33073448547,-3.22073448547
1.0,-3.22073448547,-3.14073448547
1.0,-3.14073448547,-3.01073448547
1.0,-3.01073448547,-2.98073448547
1.0,-2.98073448547,-2.51073448547
1.0,-2.51073448547,-2.11073448547
1.0,-2.11073448547,-2.17073448547
1.0,-2.17073448547,-2.31073448547
1.0,-2.31073448547,-2.37073448547
1.0,-2.37073448547,-2.05073448547
1.0,-2.05073448547,-2.41073448547
1.0,-2.41073448547,-2.36073448547
1.0,-2.36073448547,-2.61073448547
1.0,-2.61073448547,-2.86073448547
1.0,-2.86073448547,-2.83073448547
1.0,-2.83073448547,-2.75073448547
1.0,-2.75073448547,-2.98073448547
1.0,-2.98073448547,-2.98073448547
1.0,-2.98073448547,-2.98073448547
1.0,-2.98073448547,-2.95073448547
1.0,-2.95073448547,-2.31073448547
1.0,-2.31073448547,-1.71073448547
1.0,-1.71073448547,-1.88073448547
1.0,-1.88073448547,-2.38073448547
1.0,-2.38073448547,-1.71073448547
1.0,-1.71073448547,-1.61073448547
1.0,-1.61073448547,-2.01073448547
1.0,-2.01073448547,-2.06073448547
1.0,-2.06073448547,-1.96073448547
1.0,-1.96073448547,-1.98073448547
1.0,-1.98073448547,-2.15073448547
1.0,-2.15073448547,-2.45073448547
1.0,-2.45073448547,-2.25073448547
1.0,-2.25073448547,-2.31073448547
1.0,-2.31073448547,-1.97073448547
1.0,-1.97073448547,-1.98073448547
1.0,-1.98073448547,-2.15073448547
1.0,-2.15073448547,-1.98073448547
1.0,-1.98073448547,-1.88073448547
1.0,-1.88073448547,-1.55073448547
1.0,-1.55073448547,-1.55073448547
1.0,-1.55073448547,-1.76073448547
1.0,-1.76073448547,-2.01073448547
1.0,-2.01073448547,-1.95073448547
1.0,-1.95073448547,-1.71073448547
1.0,-1.71073448547,-0.950734485467
1.0,-0.950734485467,-0.850734485467
1.0,-0.850734485467,-0.700734485467
1.0,-0.700734485467,-0.730734485467
1.0,-0.730734485467,-0.750734485467
1.0,-0.750734485467,-1.01073448547
1.0,-1.01073448547,-1.18073448547
1.0,-1.18073448547,-1.01073448547
1.0,-1.01073448547,-0.980734485467
1.0,-0.980734485467,-1.02073448547
1.0,-1.02073448547,-1.43073448547
1.0,-1.43073448547,-1.61073448547
1.0,-1.61073448547,-1.76073448547
1.0,-1.76073448547,-1.09073448547
1.0,-1.09073448547,0.0492655145326
1.0,0.0492655145326,0.349265514533
1.0,0.349265514533,0.0192655145326
1.0,0.0192655145326,-0.100734485467
1.0,-0.100734485467,-0.410734485467
1.0,-0.410734485467,-0.760734485467
1.0,-0.760734485467,-1.28073448547
1.0,-1.28073448547,-0.780734485467
1.0,-0.780734485467,-0.780734485467
1.0,-0.780734485467,-1.11073448547
1.0,-1.11073448547,-0.850734485467
1.0,-0.850734485467,-0.690734485467
1.0,-0.690734485467,-0.890734485467
1.0,-0.890734485467,-1.15073448547
1.0,-1.15073448547,-1.46073448547
1.0,-1.46073448547,-1.13073448547
1.0,-1.13073448547,-0.280734485467
1.0,-0.280734485467,-0.540734485467
1.0,-0.540734485467,-0.530734485467
1.0,-0.530734485467,-0.310734485467
1.0,-0.310734485467,-0.380734485467
1.0,-0.380734485467,-0.610734485467
1.0,-0.610734485467,-0.290734485467
1.0,-0.290734485467,-0.0207344854674
1.0,-0.0207344854674,-0.100734485467
1.0,-0.100734485467,-0.310734485467
1.0,-0.310734485467,-0.530734485467
1.0,-0.530734485467,0.249265514533
1.0,0.249265514533,-0.0507344854674
1.0,-0.0507344854674,-0.0707344854674
1.0,-0.0707344854674,-0.110734485467
1.0,-0.110734485467,-0.450734485467
1.0,-0.450734485467,0.109265514533
1.0,0.109265514533,0.0492655145326
1.0,0.0492655145326,0.509265514533
1.0,0.509265514533,0.319265514533
1.0,0.319265514533,0.169265514533
1.0,0.169265514533,-0.200734485467
1.0,-0.200734485467,-0.0107344854674
1.0,-0.0107344854674,0.309265514533
1.0,0.309265514533,0.319265514533
1.0,0.319265514533,0.389265514533
1.0,0.389265514533,0.679265514533
1.0,0.679265514533,0.959265514533
1.0,0.959265514533,1.88926551453
1.0,1.88926551453,1.71926551453
1.0,1.71926551453,1.40926551453
1.0,1.40926551453,1.31926551453
1.0,1.31926551453,1.44926551453
1.0,1.44926551453,1.08926551453
1.0,1.08926551453,0.889265514533
1.0,0.889265514533,1.18926551453
1.0,1.18926551453,1.37926551453
1.0,1.37926551453,1.26926551453
1.0,1.26926551453,0.929265514533
1.0,0.929265514533,0.789265514533
1.0,0.789265514533,0.309265514533
1.0,0.309265514533,-0.230734485467
1.0,-0.230734485467,-0.110734485467
1.0,-0.110734485467,0.0492655145326
1.0,0.0492655145326,0.289265514533
1.0,0.289265514533,0.249265514533
1.0,0.249265514533,0.929265514533
1.0,0.929265514533,1.10926551453
1.0,1.10926551453,1.84926551453
1.0,1.84926551453,1.47926551453
1.0,1.47926551453,1.20926551453
1.0,1.20926551453,0.989265514533
1.0,0.989265514533,1.17926551453
1.0,1.17926551453,1.24926551453
1.0,1.24926551453,1.45926551453
1.0,1.45926551453,2.69926551453
1.0,2.69926551453,3.06926551453
1.0,3.06926551453,2.01926551453
1.0,2.01926551453,2.45926551453
1.0,2.45926551453,2.05926551453
1.0,2.05926551453,2.21926551453
1.0,2.21926551453,2.34926551453
1.0,2.34926551453,2.50926551453
1.0,2.50926551453,2.61926551453
1.0,2.61926551453,3.01926551453
1.0,3.01926551453,2.94926551453
1.0,2.94926551453,2.52926551453
1.0,2.52926551453,2.24926551453
1.0,2.24926551453,2.34926551453
1.0,2.34926551453,3.78926551453
1.0,3.78926551453,3.72926551453
1.0,3.72926551453,3.01926551453
1.0,3.01926551453,3.04926551453
1.0,3.04926551453,3.42926551453
1.0,3.42926551453,2.86926551453
1.0,2.86926551453,3.14926551453
1.0,3.14926551453,3.60926551453
1.0,3.60926551453,3.63926551453
1.0,3.63926551453,3.86926551453
1.0,3.86926551453,3.34926551453
1.0,3.34926551453,4.48926551453
1.0,4.48926551453,4.80926551453
1.0,4.80926551453,4.68926551453
1.0,4.68926551453,4.81926551453
1.0,4.81926551453,4.33926551453
1.0,4.33926551453,3.92926551453
1.0,3.92926551453,3.03926551453
1.0,3.03926551453,3.03926551453
1.0,3.03926551453,3.03926551453
1.0,3.03926551453,2.05926551453
1.0,2.05926551453,2.74926551453
1.0,2.74926551453,2.66926551453
1.0,2.66926551453,3.34926551453
1.0,3.34926551453,3.71926551453
1.0,3.71926551453,4.68926551453
1.0,4.68926551453,4.51926551453
1.0,4.51926551453,4.75926551453
1.0,4.75926551453,4.76926551453
1.0,4.76926551453,5.63926551453
1.0,5.63926551453,6.00926551453
1.0,6.00926551453,6.68926551453
1.0,6.68926551453,6.38926551453
1.0,6.38926551453,7.93926551453
1.0,7.93926551453,7.14926551453
1.0,7.14926551453,6.96926551453
1.0,6.96926551453,6.76926551453
1.0,6.76926551453,7.00926551453
1.0,7.00926551453,6.71926551453
1.0,6.71926551453,6.98926551453
1.0,6.98926551453,6.71926551453
1.0,6.71926551453,5.98926551453
1.0,5.98926551453,5.78926551453
1.0,5.78926551453,5.70926551453
1.0,5.70926551453,5.14926551453
1.0,5.14926551453,4.64926551453
1.0,4.64926551453,4.44926551453
1.0,4.44926551453,4.42926551453
1.0,4.42926551453,5.70926551453
1.0,5.70926551453,4.88926551453
1.0,4.88926551453,4.68926551453
1.0,4.68926551453,4.84926551453
1.0,4.84926551453,4.67926551453
1.0,4.67926551453,5.01926551453
1.0,5.01926551453,3.68926551453
1.0,3.68926551453,4.15926551453
1.0,4.15926551453,4.15926551453
1.0,4.15926551453,4.06926551453
1.0,4.06926551453,3.74926551453
1.0,3.74926551453,2.84926551453
1.0,2.84926551453,3.39926551453
1.0,3.39926551453,2.78926551453
1.0,2.78926551453,2.69926551453
1.0,2.69926551453,2.94926551453
1.0,2.94926551453,3.30926551453
1.0,3.30926551453,3.68926551453
1.0,3.68926551453,4.18926551453
1.0,4.18926551453,4.18926551453
1.0,4.18926551453,4.51926551453
1.0,4.51926551453,3.03926551453
1.0,3.03926551453,2.60926551453
1.0,2.60926551453,2.71926551453
1.0,2.71926551453,3.55926551453
1.0,3.55926551453,3.04926551453
1.0,3.04926551453,2.38926551453
1.0,2.38926551453,2.68926551453
1.0,2.68926551453,3.44926551453
1.0,3.44926551453,3.18926551453
1.0,3.18926551453,2.79926551453
1.0,2.79926551453,3.46926551453
1.0,3.46926551453,3.30926551453
1.0,3.30926551453,2.42926551453
1.0,2.42926551453,2.24926551453
1.0,2.24926551453,2.35926551453
1.0,2.35926551453,3.11926551453
1.0,3.11926551453,2.53926551453
1.0,2.53926551453,2.10926551453
1.0,2.10926551453,1.88926551453
1.0,1.88926551453,0.549265514533
1.0,0.549265514533,1.05926551453
1.0,1.05926551453,0.619265514533
1.0,0.619265514533,0.349265514533
1.0,0.349265514533,-0.430734485467
1.0,-0.430734485467,-0.770734485467
1.0,-0.770734485467,-0.420734485467
1.0,-0.420734485467,-0.710734485467
1.0,-0.710734485467,-0.590734485467
1.0,-0.590734485467,-0.210734485467
1.0,-0.210734485467,0.489265514533
1.0,0.489265514533,0.709265514533
1.0,0.709265514533,0.519265514533
1.0,0.519265514533,1.18926551453
1.0,1.18926551453,1.70926551453
1.0,1.70926551453,1.26926551453
1.0,1.26926551453,1.50926551453
1.0,1.50926551453,1.18926551453
1.0,1.18926551453,1.35926551453
1.0,1.35926551453,1.98926551453
1.0,1.98926551453,2.23926551453
1.0,2.23926551453,1.74926551453
1.0,1.74926551453,2.04926551453
1.0,2.04926551453,1.24926551453
1.0,1.24926551453,1.38926551453
1.0,1.38926551453,0.889265514533
1.0,0.889265514533,0.309265514533
1.0,0.309265514533,0.189265514533
1.0,0.189265514533,-0.300734485467
1.0,-0.300734485467,-0.110734485467
1.0,-0.110734485467,0.189265514533
1.0,0.189265514533,0.639265514533
1.0,0.639265514533,0.649265514533
1.0,0.649265514533,0.439265514533
1.0,0.439265514533,0.849265514533
1.0,0.849265514533,1.18926551453
1.0,1.18926551453,1.06926551453
1.0,1.06926551453,1.23926551453
1.0,1.23926551453,1.45926551453
1.0,1.45926551453,1.47926551453
1.0,1.47926551453,0.819265514533
1.0,0.819265514533,0.559265514533
1.0,0.559265514533,0.459265514533
1.0,0.459265514533,0.389265514533
1.0,0.389265514533,0.289265514533
1.0,0.289265514533,0.309265514533
1.0,0.309265514533,0.529265514533
1.0,0.529265514533,0.839265514533
1.0,0.839265514533,0.809265514533
1.0,0.809265514533,0.949265514533
1.0,0.949265514533,0.699265514533
1.0,0.699265514533,0.549265514533
1.0,0.549265514533,0.329265514533
1.0,0.329265514533,-0.0307344854674
1.0,-0.0307344854674,-0.200734485467
1.0,-0.200734485467,-0.190734485467
1.0,-0.190734485467,-0.400734485467
1.0,-0.400734485467,-0.770734485467
1.0,-0.770734485467,-0.850734485467
1.0,-0.850734485467,-0.490734485467
1.0,-0.490734485467,-0.680734485467
1.0,-0.680734485467,-1.07073448547
1.0,-1.07073448547,-0.880734485467
1.0,-0.880734485467,-0.800734485467
1.0,-0.800734485467,-0.840734485467
1.0,-0.840734485467,-1.03073448547
1.0,-1.03073448547,-0.870734485467
1.0,-0.870734485467,-0.620734485467
1.0,-0.620734485467,-0.770734485467
1.0,-0.770734485467,-0.730734485467
1.0,-0.730734485467,-0.510734485467
1.0,-0.510734485467,-0.380734485467
1.0,-0.380734485467,-0.410734485467
1.0,-0.410734485467,-0.100734485467
1.0,-0.100734485467,0.279265514533
1.0,0.279265514533,0.199265514533
1.0,0.199265514533,-0.190734485467
1.0,-0.190734485467,-0.310734485467
1.0,-0.310734485467,-0.310734485467
1.0,-0.310734485467,-0.0307344854674
1.0,-0.0307344854674,-0.0807344854674
1.0,-0.0807344854674,-0.300734485467
1.0,-0.300734485467,-0.0707344854674
1.0,-0.0707344854674,-0.370734485467
1.0,-0.370734485467,-0.0907344854674
1.0,-0.0907344854674,-0.0507344854674
1.0,-0.0507344854674,0.0892655145326
1.0,0.0892655145326,-0.110734485467
1.0,-0.110734485467,-0.370734485467
1.0,-0.370734485467,0.309265514533
1.0,0.309265514533,0.649265514533
1.0,0.649265514533,0.519265514533
1.0,0.519265514533,0.459265514533
1.0,0.459265514533,0.119265514533
1.0,0.119265514533,0.249265514533
1.0,0.249265514533,0.239265514533
1.0,0.239265514533,0.139265514533
1.0,0.139265514533,-0.0307344854674
1.0,-0.0307344854674,-0.130734485467
1.0,-0.130734485467,0.369265514533
1.0,0.369265514533,0.789265514533
1.0,0.789265514533,1.07926551453
1.0,1.07926551453,0.439265514533
1.0,0.439265514533,0.429265514533
1.0,0.429265514533,0.139265514533
1.0,0.139265514533,-0.110734485467
1.0,-0.110734485467,-0.270734485467
1.0,-0.270734485467,-0.510734485467
1.0,-0.510734485467,-0.470734485467
1.0,-0.470734485467,-0.610734485467
1.0,-0.610734485467,-0.250734485467
1.0,-0.250734485467,-0.310734485467
1.0,-0.310734485467,-0.360734485467
1.0,-0.360734485467,-0.420734485467
1.0,-0.420734485467,-0.490734485467
1.0,-0.490734485467,-0.510734485467
1.0,-0.510734485467,-0.680734485467
1.0,-0.680734485467,-0.530734485467
1.0,-0.530734485467,-0.550734485467
1.0,-0.550734485467,-0.320734485467
1.0,-0.320734485467,-0.290734485467
1.0,-0.290734485467,-0.230734485467
1.0,-0.230734485467,-0.0607344854674
1.0,-0.0607344854674,-0.340734485467
1.0,-0.340734485467,-0.210734485467
1.0,-0.210734485467,0.0492655145326
1.0,0.0492655145326,0.119265514533
1.0,0.119265514533,0.279265514533
1.0,0.279265514533,0.829265514533
1.0,0.829265514533,1.44926551453
1.0,1.44926551453,2.20926551453
1.0,2.20926551453,3.23926551453
1.0,3.23926551453,2.43926551453
1.0,2.43926551453,2.35926551453
1.0,2.35926551453,2.84926551453
1.0,2.84926551453,2.51926551453
1.0,2.51926551453,2.48926551453
1.0,2.48926551453,2.64926551453
1.0,2.64926551453,2.82926551453
1.0,2.82926551453,2.28926551453
1.0,2.28926551453,2.57926551453
1.0,2.57926551453,1.96926551453
1.0,1.96926551453,2.08926551453
1.0,2.08926551453,1.99926551453
1.0,1.99926551453,2.08926551453
1.0,2.08926551453,2.06926551453
1.0,2.06926551453,1.72926551453
1.0,1.72926551453,1.53926551453
1.0,1.53926551453,1.53926551453
1.0,1.53926551453,1.52926551453
1.0,1.52926551453,1.52926551453
1.0,1.52926551453,1.44926551453
1.0,1.44926551453,1.51926551453
1.0,1.51926551453,1.72926551453
1.0,1.72926551453,1.90926551453
1.0,1.90926551453,1.71926551453
1.0,1.71926551453,1.86926551453
1.0,1.86926551453,1.82926551453
1.0,1.82926551453,1.74926551453
1.0,1.74926551453,1.73926551453
1.0,1.73926551453,1.62926551453
1.0,1.62926551453,1.55926551453
1.0,1.55926551453,1.42926551453
1.0,1.42926551453,1.35926551453
1.0,1.35926551453,1.35926551453
1.0,1.35926551453,1.09926551453
1.0,1.09926551453,0.889265514533
1.0,0.889265514533,0.829265514533
1.0,0.829265514533,0.559265514533
1.0,0.559265514533,0.609265514533
1.0,0.609265514533,0.239265514533
1.0,0.239265514533,0.179265514533
1.0,0.179265514533,0.269265514533
1.0,0.269265514533,-0.000734485467422
1.0,-0.000734485467422,0.0692655145326
1.0,0.0692655145326,-0.0807344854674
1.0,-0.0807344854674,-0.0807344854674
1.0,-0.0807344854674,-0.330734485467
1.0,-0.330734485467,-0.290734485467
1.0,-0.290734485467,-0.390734485467
1.0,-0.390734485467,-0.130734485467
1.0,-0.130734485467,0.0192655145326
1.0,0.0192655145326,0.129265514533
1.0,0.129265514533,0.289265514533
1.0,0.289265514533,0.239265514533
1.0,0.239265514533,0.489265514533
1.0,0.489265514533,0.389265514533
1.0,0.389265514533,0.389265514533
1.0,0.389265514533,0.389265514533
1.0,0.389265514533,0.239265514533
1.0,0.239265514533,0.149265514533
1.0,0.149265514533,0.149265514533
1.0,0.149265514533,0.409265514533
1.0,0.409265514533,0.309265514533
1.0,0.309265514533,0.519265514533
1.0,0.519265514533,0.509265514533
1.0,0.509265514533,0.399265514533
1.0,0.399265514533,0.249265514533
1.0,0.249265514533,0.209265514533
1.0,0.209265514533,0.289265514533
1.0,0.289265514533,0.339265514533
1.0,0.339265514533,0.339265514533
1.0,0.339265514533,0.199265514533
1.0,0.199265514533,0.299265514533
1.0,0.299265514533,0.339265514533
1.0,0.339265514533,0.349265514533
1.0,0.349265514533,0.349265514533
1.0,0.349265514533,0.0992655145326
1.0,0.0992655145326,-0.110734485467
1.0,-0.110734485467,-0.0707344854674
1.0,-0.0707344854674,-0.150734485467
1.0,-0.150734485467,-0.0507344854674
1.0,-0.0507344854674,-0.0507344854674
1.0,-0.0507344854674,-0.280734485467
1.0,-0.280734485467,-0.450734485467
1.0,-0.450734485467,-0.210734485467
1.0,-0.210734485467,-0.470734485467
1.0,-0.470734485467,-0.310734485467
1.0,-0.310734485467,-0.440734485467
1.0,-0.440734485467,-0.490734485467
1.0,-0.490734485467,-0.450734485467
1.0,-0.450734485467,-0.520734485467
1.0,-0.520734485467,-0.770734485467
1.0,-0.770734485467,-0.630734485467
1.0,-0.630734485467,-0.850734485467
1.0,-0.850734485467,-0.910734485467
1.0,-0.910734485467,-1.17073448547
1.0,-1.17073448547,-1.01073448547
1.0,-1.01073448547,-1.02073448547
1.0,-1.02073448547,-0.830734485467
1.0,-0.830734485467,-0.650734485467
1.0,-0.650734485467,-0.630734485467
1.0,-0.630734485467,-0.550734485467
1.0,-0.550734485467,-0.710734485467
1.0,-0.710734485467,-1.01073448547
1.0,-1.01073448547,-1.20073448547
1.0,-1.20073448547,-1.11073448547
1.0,-1.11073448547,-1.13073448547
1.0,-1.13073448547,-1.66073448547
1.0,-1.66073448547,-1.85073448547
1.0,-1.85073448547,-1.79073448547
1.0,-1.79073448547,-1.88073448547
1.0,-1.88073448547,-2.07073448547
1.0,-2.07073448547,-1.45073448547
1.0,-1.45073448547,-1.51073448547
1.0,-1.51073448547,-0.670734485467
1.0,-0.670734485467,-0.710734485467
1.0,-0.710734485467,-0.700734485467
1.0,-0.700734485467,-0.810734485467
1.0,-0.810734485467,-0.870734485467
1.0,-0.870734485467,-0.880734485467
1.0,-0.880734485467,-0.800734485467
1.0,-0.800734485467,-0.870734485467
1.0,-0.870734485467,-0.810734485467
1.0,-0.810734485467,-0.660734485467
1.0,-0.660734485467,-0.510734485467
1.0,-0.510734485467,-0.350734485467
1.0,-0.350734485467,-0.600734485467
1.0,-0.600734485467,-0.750734485467
1.0,-0.750734485467,-0.660734485467
1.0,-0.660734485467,-0.620734485467
1.0,-0.620734485467,-0.840734485467
1.0,-0.840734485467,-0.750734485467
1.0,-0.750734485467,-1.00073448547
1.0,-1.00073448547,-0.910734485467
1.0,-0.910734485467,-0.750734485467
1.0,-0.750734485467,-0.790734485467
1.0,-0.790734485467,-0.870734485467
1.0,-0.870734485467,-0.880734485467
1.0,-0.880734485467,-0.950734485467
1.0,-0.950734485467,-1.00073448547
1.0,-1.00073448547,-0.870734485467
1.0,-0.870734485467,-0.890734485467
1.0,-0.890734485467,-0.940734485467
1.0,-0.940734485467,-0.650734485467
1.0,-0.650734485467,-0.650734485467
1.0,-0.650734485467,-0.650734485467
1.0,-0.650734485467,-0.780734485467
1.0,-0.780734485467,-0.630734485467
1.0,-0.630734485467,-0.670734485467
1.0,-0.670734485467,-0.880734485467
1.0,-0.880734485467,-0.730734485467
1.0,-0.730734485467,-0.770734485467
1.0,-0.770734485467,-0.770734485467
1.0,-0.770734485467,-0.810734485467
1.0,-0.810734485467,-0.750734485467
1.0,-0.750734485467,-0.810734485467
1.0,-0.810734485467,-0.710734485467
1.0,-0.710734485467,-0.910734485467
1.0,-0.910734485467,-0.750734485467
1.0,-0.750734485467,-0.950734485467
1.0,-0.950734485467,-1.69073448547
1.0,-1.69073448547,-2.55073448547
1.0,-2.55073448547,-2.49073448547
1.0,-2.49073448547,-2.48073448547
1.0,-2.48073448547,-2.53073448547
1.0,-2.53073448547,-2.55073448547
1.0,-2.55073448547,-2.59073448547
1.0,-2.59073448547,-2.54073448547
1.0,-2.54073448547,-2.37073448547
1.0,-2.37073448547,-1.71073448547
1.0,-1.71073448547,-1.62073448547
1.0,-1.62073448547,-0.970734485467
1.0,-0.970734485467,-1.13073448547
1.0,-1.13073448547,-1.29073448547
1.0,-1.29073448547,-1.65073448547
1.0,-1.65073448547,-1.98073448547
1.0,-1.98073448547,-1.88073448547
1.0,-1.88073448547,-1.88073448547
1.0,-1.88073448547,-1.98073448547
1.0,-1.98073448547,-1.91073448547
1.0,-1.91073448547,-1.94073448547
1.0,-1.94073448547,-2.06073448547
1.0,-2.06073448547,-2.11073448547
1.0,-2.11073448547,-1.85073448547
1.0,-1.85073448547,-1.87073448547
1.0,-1.87073448547,-1.87073448547
1.0,-1.87073448547,-1.91073448547
1.0,-1.91073448547,-1.95073448547
1.0,-1.95073448547,-1.93073448547
1.0,-1.93073448547,-2.16073448547
1.0,-2.16073448547,-1.97073448547
1.0,-1.97073448547,-2.09073448547
1.0,-2.09073448547,-2.06073448547
1.0,-2.06073448547,-2.20073448547
1.0,-2.20073448547,-2.35073448547
1.0,-2.35073448547,-2.38073448547
1.0,-2.38073448547,-2.48073448547
1.0,-2.48073448547,-2.55073448547
1.0,-2.55073448547,-2.72073448547
1.0,-2.72073448547,-2.74073448547
1.0,-2.74073448547,-2.48073448547
1.0,-2.48073448547,-2.60073448547
1.0,-2.60073448547,-2.62073448547
1.0,-2.62073448547,-2.55073448547
1.0,-2.55073448547,-2.54073448547
1.0,-2.54073448547,-2.53073448547
1.0,-2.53073448547,-2.55073448547
1.0,-2.55073448547,-2.45073448547
1.0,-2.45073448547,-2.39073448547
1.0,-2.39073448547,-2.49073448547
1.0,-2.49073448547,-2.65073448547
1.0,-2.65073448547,-2.43073448547
1.0,-2.43073448547,-2.55073448547
1.0,-2.55073448547,-2.56073448547
1.0,-2.56073448547,-2.60073448547
1.0,-2.60073448547,-2.48073448547
1.0,-2.48073448547,-2.51073448547
1.0,-2.51073448547,-2.46073448547
1.0,-2.46073448547,-2.39073448547
1.0,-2.39073448547,-2.58073448547
1.0,-2.58073448547,-2.37073448547
1.0,-2.37073448547,-2.31073448547
1.0,-2.31073448547,-2.25073448547
1.0,-2.25073448547,-2.03073448547
1.0,-2.03073448547,-2.13073448547
1.0,-2.13073448547,-1.88073448547
1.0,-1.88073448547,-2.23073448547
1.0,-2.23073448547,-2.32073448547
1.0,-2.32073448547,-2.32073448547
1.0,-2.32073448547,-2.58073448547
1.0,-2.58073448547,-2.40073448547
1.0,-2.40073448547,-2.53073448547
1.0,-2.53073448547,-2.71073448547
1.0,-2.71073448547,-2.75073448547
1.0,-2.75073448547,-2.54073448547
1.0,-2.54073448547,-2.77073448547
1.0,-2.77073448547,-2.98073448547
1.0,-2.98073448547,-3.13073448547
1.0,-3.13073448547,-3.56073448547
1.0,-3.56073448547,-3.85073448547
1.0,-3.85073448547,-3.89073448547
1.0,-3.89073448547,-3.43073448547
1.0,-3.43073448547,-3.14073448547
1.0,-3.14073448547,-3.28073448547
1.0,-3.28073448547,-3.07073448547
1.0,-3.07073448547,-3.07073448547
1.0,-3.07073448547,-3.18073448547
1.0,-3.18073448547,-3.04073448547
1.0,-3.04073448547,-2.91073448547
1.0,-2.91073448547,-3.01073448547
1.0,-3.01073448547,-2.84073448547
1.0,-2.84073448547,-2.28073448547
1.0,-2.28073448547,-2.14073448547
1.0,-2.14073448547,-2.35073448547
1.0,-2.35073448547,-2.18073448547
1.0,-2.18073448547,-1.99073448547
1.0,-1.99073448547,-2.20073448547
1.0,-2.20073448547,-1.96073448547
1.0,-1.96073448547,-2.44073448547
1.0,-2.44073448547,-2.21073448547
1.0,-2.21073448547,-2.21073448547
1.0,-2.21073448547,-2.15073448547
1.0,-2.15073448547,-2.25073448547
1.0,-2.25073448547,-2.24073448547
1.0,-2.24073448547,-1.88073448547
1.0,-1.88073448547,-1.59073448547
1.0,-1.59073448547,-1.75073448547
1.0,-1.75073448547,-2.04073448547
1.0,-2.04073448547,-2.07073448547
1.0,-2.07073448547,-2.15073448547
1.0,-2.15073448547,-2.19073448547
1.0,-2.19073448547,-2.27073448547
1.0,-2.27073448547,-2.30073448547
1.0,-2.30073448547,-2.50073448547
1.0,-2.50073448547,-2.63073448547
1.0,-2.63073448547,-2.49073448547
1.0,-2.49073448547,-2.31073448547
1.0,-2.31073448547,-2.38073448547
1.0,-2.38073448547,-2.45073448547
1.0,-2.45073448547,-2.60073448547
1.0,-2.60073448547,-2.55073448547
1.0,-2.55073448547,-2.38073448547
1.0,-2.38073448547,-2.56073448547
1.0,-2.56073448547,-2.41073448547
1.0,-2.41073448547,-2.41073448547
1.0,-2.41073448547,-2.55073448547
1.0,-2.55073448547,-2.41073448547
1.0,-2.41073448547,-2.08073448547
1.0,-2.08073448547,-1.90073448547
1.0,-1.90073448547,-1.85073448547
1.0,-1.85073448547,-1.69073448547
1.0,-1.69073448547,-1.74073448547
1.0,-1.74073448547,-1.84073448547
1.0,-1.84073448547,-1.85073448547
1.0,-1.85073448547,-2.29073448547
1.0,-2.29073448547,-2.29073448547
1.0,-2.29073448547,-2.05073448547
1.0,-2.05073448547,-2.39073448547
1.0,-2.39073448547,-2.27073448547
1.0,-2.27073448547,-2.27073448547
1.0,-2.27073448547,-2.17073448547
1.0,-2.17073448547,-2.14073448547
1.0,-2.14073448547,-2.05073448547
1.0,-2.05073448547,-2.06073448547
1.0,-2.06073448547,-2.14073448547
1.0,-2.14073448547,-2.18073448547
1.0,-2.18073448547,-2.51073448547
1.0,-2.51073448547,-2.30073448547
1.0,-2.30073448547,-2.15073448547
1.0,-2.15073448547,-2.31073448547
1.0,-2.31073448547,-2.15073448547
1.0,-2.15073448547,-1.88073448547
1.0,-1.88073448547,-2.09073448547
1.0,-2.09073448547,-2.23073448547
1.0,-2.23073448547,-1.92073448547
1.0,-1.92073448547,-1.56073448547
1.0,-1.56073448547,-1.33073448547
1.0,-1.33073448547,-1.38073448547
1.0,-1.38073448547,-1.73073448547
1.0,-1.73073448547,-1.42073448547
1.0,-1.42073448547,-1.45073448547
1.0,-1.45073448547,-1.61073448547
1.0,-1.61073448547,-1.65073448547
1.0,-1.65073448547,-1.99073448547
1.0,-1.99073448547,-1.76073448547
1.0,-1.76073448547,-1.36073448547
1.0,-1.36073448547,-1.49073448547
1.0,-1.49073448547,-1.70073448547
1.0,-1.70073448547,-1.98073448547
1.0,-1.98073448547,-1.95073448547
1.0,-1.95073448547,-1.80073448547
1.0,-1.80073448547,-1.81073448547
1.0,-1.81073448547,-1.69073448547
1.0,-1.69073448547,-1.85073448547
1.0,-1.85073448547,-1.65073448547
1.0,-1.65073448547,-1.51073448547
1.0,-1.51073448547,-1.53073448547
1.0,-1.53073448547,-1.67073448547
1.0,-1.67073448547,-1.86073448547
1.0,-1.86073448547,-1.79073448547
1.0,-1.79073448547,-2.09073448547
1.0,-2.09073448547,-1.91073448547
1.0,-1.91073448547,-1.88073448547
1.0,-1.88073448547,-2.11073448547
1.0,-2.11073448547,-1.92073448547
1.0,-1.92073448547,-2.32073448547
1.0,-2.32073448547,-2.29073448547
1.0,-2.29073448547,-2.29073448547
1.0,-2.29073448547,-2.13073448547
1.0,-2.13073448547,-2.06073448547
1.0,-2.06073448547,-1.91073448547
1.0,-1.91073448547,-2.10073448547
1.0,-2.10073448547,-2.14073448547
1.0,-2.14073448547,-2.41073448547
1.0,-2.41073448547,-2.27073448547
1.0,-2.27073448547,-2.22073448547
1.0,-2.22073448547,-2.22073448547
1.0,-2.22073448547,-1.95073448547
1.0,-1.95073448547,-2.39073448547
1.0,-2.39073448547,-2.65073448547
1.0,-2.65073448547,-2.71073448547
1.0,-2.71073448547,-2.77073448547
1.0,-2.77073448547,-2.89073448547
1.0,-2.89073448547,-2.93073448547
1.0,-2.93073448547,-3.07073448547
1.0,-3.07073448547,-3.03073448547
1.0,-3.03073448547,-3.10073448547
1.0,-3.10073448547,-3.25073448547
1.0,-3.25073448547,-3.10073448547
1.0,-3.10073448547,-3.03073448547
1.0,-3.03073448547,-2.97073448547
1.0,-2.97073448547,-2.85073448547
1.0,-2.85073448547,-2.91073448547
1.0,-2.91073448547,-3.01073448547
1.0,-3.01073448547,-3.33073448547
1.0,-3.33073448547,-3.29073448547
1.0,-3.29073448547,-3.22073448547
1.0,-3.22073448547,-2.93073448547
1.0,-2.93073448547,-3.07073448547
1.0,-3.07073448547,-2.99073448547
1.0,-2.99073448547,-3.23073448547
1.0,-3.23073448547,-3.32073448547
1.0,-3.32073448547,-3.21073448547
1.0,-3.21073448547,-3.31073448547
1.0,-3.31073448547,-3.37073448547
1.0,-3.37073448547,-3.54073448547
1.0,-3.54073448547,-3.81073448547
1.0,-3.81073448547,-3.79073448547
1.0,-3.79073448547,-3.45073448547
1.0,-3.45073448547,-3.61073448547
1.0,-3.61073448547,-3.85073448547
1.0,-3.85073448547,-3.89073448547
1.0,-3.89073448547,-3.95073448547
1.0,-3.95073448547,-4.22073448547
1.0,-4.22073448547,-4.05073448547
1.0,-4.05073448547,-4.33073448547
1.0,-4.33073448547,-4.65073448547
1.0,-4.65073448547,-4.61073448547
1.0,-4.61073448547,-4.43073448547
1.0,-4.43073448547,-4.31073448547
1.0,-4.31073448547,-4.57073448547
1.0,-4.57073448547,-4.67073448547
1.0,-4.67073448547,-4.59073448547
1.0,-4.59073448547,-4.66073448547
1.0,-4.66073448547,-4.41073448547
1.0,-4.41073448547,-4.39073448547
1.0,-4.39073448547,-4.33073448547
1.0,-4.33073448547,-4.49073448547
1.0,-4.49073448547,-4.31073448547
1.0,-4.31073448547,-4.29073448547
1.0,-4.29073448547,-4.27073448547
1.0,-4.27073448547,-4.37073448547
1.0,-4.37073448547,-4.43073448547
1.0,-4.43073448547,-4.35073448547
1.0,-4.35073448547,-4.48073448547
1.0,-4.48073448547,-4.41073448547
1.0,-4.41073448547,-4.53073448547
1.0,-4.53073448547,-4.55073448547
1.0,-4.55073448547,-4.69073448547
1.0,-4.69073448547,-4.69073448547
1.0,-4.69073448547,-4.65073448547
1.0,-4.65073448547,-4.45073448547
1.0,-4.45073448547,-4.44073448547
1.0,-4.44073448547,-4.48073448547
1.0,-4.48073448547,-4.39073448547
1.0,-4.39073448547,-4.40073448547
1.0,-4.40073448547,-4.25073448547
1.0,-4.25073448547,-4.21073448547
1.0,-4.21073448547,-4.18073448547
1.0,-4.18073448547,-4.35073448547
1.0,-4.35073448547,-4.55073448547
1.0,-4.55073448547,-4.55073448547
1.0,-4.55073448547,-4.58073448547
1.0,-4.58073448547,-4.45073448547
1.0,-4.45073448547,-4.55073448547
1.0,-4.55073448547,-4.57073448547
1.0,-4.57073448547,-4.62073448547
1.0,-4.62073448547,-4.55073448547
1.0,-4.55073448547,-4.59073448547
1.0,-4.59073448547,-4.87073448547
1.0,-4.87073448547,-4.72073448547
1.0,-4.72073448547,-4.67073448547
1.0,-4.67073448547,-4.73073448547
1.0,-4.73073448547,-4.38073448547
1.0,-4.38073448547,-4.51073448547
1.0,-4.51073448547,-4.59073448547
1.0,-4.59073448547,-4.50073448547
1.0,-4.50073448547,-4.37073448547
1.0,-4.37073448547,-4.45073448547
1.0,-4.45073448547,-4.41073448547
1.0,-4.41073448547,-4.39073448547
1.0,-4.39073448547,-4.39073448547
1.0,-4.39073448547,-4.19073448547
1.0,-4.19073448547,-3.94073448547
1.0,-3.94073448547,-3.33073448547
1.0,-3.33073448547,-3.22073448547
1.0,-3.22073448547,-3.13073448547
1.0,-3.13073448547,-3.24073448547
1.0,-3.24073448547,-2.95073448547
1.0,-2.95073448547,-2.99073448547
1.0,-2.99073448547,-2.98073448547
1.0,-2.98073448547,-2.99073448547
1.0,-2.99073448547,-2.52073448547
1.0,-2.52073448547,-2.61073448547
1.0,-2.61073448547,-2.63073448547
1.0,-2.63073448547,-2.46073448547
1.0,-2.46073448547,-2.61073448547
1.0,-2.61073448547,-2.80073448547
1.0,-2.80073448547,-2.68073448547
1.0,-2.68073448547,-2.62073448547
1.0,-2.62073448547,-2.55073448547
1.0,-2.55073448547,-1.97073448547
1.0,-1.97073448547,-2.53073448547
1.0,-2.53073448547,-2.51073448547
1.0,-2.51073448547,-2.20073448547
1.0,-2.20073448547,-1.59073448547
1.0,-1.59073448547,-1.97073448547
1.0,-1.97073448547,-1.87073448547
1.0,-1.87073448547,-2.04073448547
1.0,-2.04073448547,-1.90073448547
1.0,-1.90073448547,-1.71073448547
1.0,-1.71073448547,-1.48073448547
1.0,-1.48073448547,-1.53073448547
1.0,-1.53073448547,-1.61073448547
1.0,-1.61073448547,-1.88073448547
1.0,-1.88073448547,-1.96073448547
1.0,-1.96073448547,-1.90073448547
1.0,-1.90073448547,-1.84073448547
1.0,-1.84073448547,-1.61073448547
1.0,-1.61073448547,-1.65073448547
1.0,-1.65073448547,-1.96073448547
1.0,-1.96073448547,-1.47073448547
1.0,-1.47073448547,-1.61073448547
1.0,-1.61073448547,-1.55073448547
1.0,-1.55073448547,-0.990734485467
1.0,-0.990734485467,0.119265514533
1.0,0.119265514533,0.429265514533
1.0,0.429265514533,0.0992655145326
1.0,0.0992655145326,0.619265514533
1.0,0.619265514533,0.369265514533
1.0,0.369265514533,0.389265514533
1.0,0.389265514533,0.319265514533
1.0,0.319265514533,0.429265514533
1.0,0.429265514533,0.589265514533
1.0,0.589265514533,0.949265514533
1.0,0.949265514533,2.09926551453
1.0,2.09926551453,1.98926551453
1.0,1.98926551453,2.49926551453
1.0,2.49926551453,3.06926551453
1.0,3.06926551453,2.85926551453
1.0,2.85926551453,2.81926551453
1.0,2.81926551453,1.54926551453
1.0,1.54926551453,0.769265514533
1.0,0.769265514533,0.569265514533
1.0,0.569265514533,1.08926551453
1.0,1.08926551453,0.709265514533
1.0,0.709265514533,0.589265514533
1.0,0.589265514533,1.41926551453
1.0,1.41926551453,1.30926551453
1.0,1.30926551453,1.21926551453
1.0,1.21926551453,0.619265514533
1.0,0.619265514533,0.729265514533
1.0,0.729265514533,1.16926551453
1.0,1.16926551453,0.789265514533
1.0,0.789265514533,0.829265514533
1.0,0.829265514533,0.809265514533
1.0,0.809265514533,0.669265514533
1.0,0.669265514533,0.729265514533
1.0,0.729265514533,0.619265514533
1.0,0.619265514533,0.369265514533
1.0,0.369265514533,0.349265514533
1.0,0.349265514533,0.329265514533
1.0,0.329265514533,0.989265514533
1.0,0.989265514533,1.44926551453
1.0,1.44926551453,0.959265514533
1.0,0.959265514533,1.74926551453
1.0,1.74926551453,3.02926551453
1.0,3.02926551453,2.62926551453
1.0,2.62926551453,2.43926551453
1.0,2.43926551453,2.82926551453
1.0,2.82926551453,3.21926551453
1.0,3.21926551453,2.78926551453
1.0,2.78926551453,3.96926551453
1.0,3.96926551453,3.88926551453
1.0,3.88926551453,5.02926551453
1.0,5.02926551453,5.99926551453
1.0,5.99926551453,5.44926551453
1.0,5.44926551453,5.38926551453
1.0,5.38926551453,5.05926551453
1.0,5.05926551453,4.27926551453
1.0,4.27926551453,3.80926551453
1.0,3.80926551453,3.15926551453
1.0,3.15926551453,3.07926551453
1.0,3.07926551453,4.14926551453
1.0,4.14926551453,3.77926551453
1.0,3.77926551453,3.72926551453
1.0,3.72926551453,3.26926551453
1.0,3.26926551453,3.22926551453
1.0,3.22926551453,3.14926551453
1.0,3.14926551453,4.18926551453
1.0,4.18926551453,4.12926551453
1.0,4.12926551453,4.07926551453
1.0,4.07926551453,3.54926551453
1.0,3.54926551453,3.63926551453
1.0,3.63926551453,4.10926551453
1.0,4.10926551453,3.98926551453
1.0,3.98926551453,4.68926551453
1.0,4.68926551453,4.76926551453
1.0,4.76926551453,5.35926551453
1.0,5.35926551453,5.18926551453
1.0,5.18926551453,4.73926551453
1.0,4.73926551453,4.37926551453
1.0,4.37926551453,4.04926551453
1.0,4.04926551453,2.58926551453
1.0,2.58926551453,3.11926551453
1.0,3.11926551453,2.74926551453
1.0,2.74926551453,2.46926551453
1.0,2.46926551453,1.98926551453
1.0,1.98926551453,2.60926551453
1.0,2.60926551453,2.48926551453
1.0,2.48926551453,2.65926551453
1.0,2.65926551453,2.49926551453
1.0,2.49926551453,3.03926551453
1.0,3.03926551453,2.65926551453
1.0,2.65926551453,3.54926551453
1.0,3.54926551453,3.51926551453
1.0,3.51926551453,3.34926551453
1.0,3.34926551453,3.38926551453
1.0,3.38926551453,3.73926551453
1.0,3.73926551453,3.92926551453
1.0,3.92926551453,3.57926551453
1.0,3.57926551453,3.98926551453
1.0,3.98926551453,4.00926551453
1.0,4.00926551453,3.43926551453
1.0,3.43926551453,3.16926551453
1.0,3.16926551453,2.96926551453
1.0,2.96926551453,3.24926551453
1.0,3.24926551453,3.46926551453
1.0,3.46926551453,3.61926551453
1.0,3.61926551453,3.76926551453
1.0,3.76926551453,3.82926551453
1.0,3.82926551453,4.08926551453
1.0,4.08926551453,3.69926551453
1.0,3.69926551453,3.77926551453
1.0,3.77926551453,3.96926551453
1.0,3.96926551453,3.60926551453
1.0,3.60926551453,3.65926551453
1.0,3.65926551453,4.10926551453
1.0,4.10926551453,4.01926551453
1.0,4.01926551453,3.39926551453
1.0,3.39926551453,3.76926551453
1.0,3.76926551453,3.45926551453
1.0,3.45926551453,3.18926551453
1.0,3.18926551453,3.24926551453
1.0,3.24926551453,3.11926551453
1.0,3.11926551453,3.15926551453
1.0,3.15926551453,2.84926551453
1.0,2.84926551453,2.74926551453
1.0,2.74926551453,2.64926551453
1.0,2.64926551453,2.78926551453
1.0,2.78926551453,2.84926551453
1.0,2.84926551453,2.94926551453
1.0,2.94926551453,3.43926551453
1.0,3.43926551453,4.44926551453
1.0,4.44926551453,4.60926551453
1.0,4.60926551453,5.42926551453
1.0,5.42926551453,6.22926551453
1.0,6.22926551453,6.10926551453
1.0,6.10926551453,5.80926551453
1.0,5.80926551453,5.98926551453
1.0,5.98926551453,6.14926551453
1.0,6.14926551453,7.20926551453
1.0,7.20926551453,7.94926551453
1.0,7.94926551453,8.97926551453
1.0,8.97926551453,7.98926551453
1.0,7.98926551453,8.63926551453
1.0,8.63926551453,7.96926551453
1.0,7.96926551453,7.46926551453
1.0,7.46926551453,7.96926551453
1.0,7.96926551453,7.50926551453
1.0,7.50926551453,6.46926551453
1.0,6.46926551453,7.08926551453
1.0,7.08926551453,6.95926551453
1.0,6.95926551453,6.86926551453
1.0,6.86926551453,7.51926551453
1.0,7.51926551453,7.47926551453
1.0,7.47926551453,7.18926551453
1.0,7.18926551453,8.14926551453
1.0,8.14926551453,9.40926551453
1.0,9.40926551453,9.59926551453
1.0,9.59926551453,9.58926551453
1.0,9.58926551453,9.70926551453
1.0,9.70926551453,10.7092655145
1.0,10.7092655145,11.8792655145
1.0,11.8792655145,11.6892655145
1.0,11.6892655145,10.8092655145
1.0,10.8092655145,11.2992655145
1.0,11.2992655145,11.2292655145
1.0,11.2292655145,11.0992655145
1.0,11.0992655145,11.5292655145
1.0,11.5292655145,12.1692655145
1.0,12.1692655145,11.9092655145
1.0,11.9092655145,11.5292655145
1.0,11.5292655145,11.9192655145
1.0,11.9192655145,11.4992655145
1.0,11.4992655145,11.1092655145
1.0,11.1092655145,11.0692655145
1.0,11.0692655145,10.9492655145
1.0,10.9492655145,10.4492655145
1.0,10.4492655145,9.98926551453
1.0,9.98926551453,9.69926551453
1.0,9.69926551453,10.0592655145
1.0,10.0592655145,10.4892655145
1.0,10.4892655145,11.1192655145
1.0,11.1192655145,12.4692655145
1.0,12.4692655145,12.2792655145
1.0,12.2792655145,15.0492655145
1.0,15.0492655145,15.4492655145
1.0,15.4492655145,15.5692655145
1.0,15.5692655145,17.6092655145
1.0,17.6092655145,16.2792655145
1.0,16.2792655145,14.9092655145
1.0,14.9092655145,16.5192655145
1.0,16.5192655145,16.0292655145
1.0,16.0292655145,15.5992655145
1.0,15.5992655145,15.4592655145
1.0,15.4592655145,15.8492655145
1.0,15.8492655145,16.3792655145
1.0,16.3792655145,17.4092655145
1.0,17.4092655145,18.4192655145
1.0,18.4192655145,20.5392655145
1.0,20.5392655145,18.6892655145
1.0,18.6892655145,15.1192655145
1.0,15.1192655145,17.4492655145
1.0,17.4492655145,18.8492655145
1.0,18.8492655145,18.0892655145
1.0,18.0892655145,18.5692655145
1.0,18.5692655145,19.7492655145
1.0,19.7492655145,21.1192655145
1.0,21.1192655145,25.4492655145
1.0,25.4492655145,25.4792655145
1.0,25.4792655145,30.1192655145
1.0,30.1192655145,29.8292655145
1.0,29.8292655145,31.6892655145
1.0,31.6892655145,30.2692655145
1.0,30.2692655145,29.2692655145
1.0,29.2692655145,28.4592655145
1.0,28.4592655145,29.4092655145
1.0,29.4092655145,32.5192655145
1.0,32.5192655145,31.9692655145
1.0,31.9692655145,31.0692655145
1.0,31.0692655145,31.4692655145
1.0,31.4692655145,32.8092655145
1.0,32.8092655145,34.5592655145
1.0,34.5592655145,38.5192655145
1.0,38.5192655145,42.6892655145
1.0,42.6892655145,51.1092655145
1.0,51.1092655145,48.6692655145
1.0,48.6692655145,41.4892655145
1.0,41.4892655145,44.2292655145
1.0,44.2292655145,41.9792655145
1.0,41.9792655145,41.5092655145
1.0,41.5092655145,39.4592655145
1.0,39.4592655145,41.1892655145
1.0,41.1892655145,39.9592655145
1.0,39.9592655145,36.0092655145
1.0,36.0092655145,34.7492655145
1.0,34.7492655145,38.1692655145
1.0,38.1692655145,35.2892655145
1.0,35.2892655145,35.6892655145
1.0,35.6892655145,33.4492655145
1.0,33.4492655145,33.0092655145
1.0,33.0092655145,38.2192655145
1.0,38.2192655145,37.1092655145
1.0,37.1092655145,36.0592655145
1.0,36.0592655145,40.0992655145
1.0,40.0992655145,39.7192655145
1.0,39.7192655145,36.7392655145
1.0,36.7392655145,35.8192655145
1.0,35.8192655145,36.9292655145
1.0,36.9292655145,38.5892655145
1.0,38.5892655145,37.9492655145
1.0,37.9492655145,37.1992655145
1.0,37.1992655145,35.5492655145
1.0,35.5492655145,35.0492655145
1.0,35.0492655145,35.0492655145
1.0,35.0492655145,31.7292655145
1.0,31.7292655145,31.6992655145
1.0,31.6992655145,28.3892655145
1.0,28.3892655145,28.8892655145
1.0,28.8892655145,26.0892655145
1.0,26.0892655145,23.9292655145
1.0,23.9292655145,22.4692655145
1.0,22.4692655145,21.0892655145
1.0,21.0892655145,23.1792655145
1.0,23.1792655145,24.2292655145
1.0,24.2292655145,23.7292655145
1.0,23.7292655145,23.1292655145
1.0,23.1292655145,22.3992655145
1.0,22.3992655145,23.0492655145
1.0,23.0492655145,21.2292655145
1.0,21.2292655145,24.6492655145
1.0,24.6492655145,23.7892655145
1.0,23.7892655145,28.2092655145
1.0,28.2092655145,31.5892655145
1.0,31.5892655145,30.0492655145
1.0,30.0492655145,29.6692655145
1.0,29.6692655145,28.5892655145
1.0,28.5892655145,28.9492655145
1.0,28.9492655145,31.4192655145
1.0,31.4192655145,31.5892655145
1.0,31.5892655145,30.0092655145
1.0,30.0092655145,31.5092655145
1.0,31.5092655145,28.7592655145
1.0,28.7592655145,29.6892655145
1.0,29.6892655145,27.7092655145
1.0,27.7092655145,27.0292655145
1.0,27.0292655145,24.5892655145
1.0,24.5892655145,24.4892655145
1.0,24.4892655145,24.9692655145
1.0,24.9692655145,26.5492655145
1.0,26.5492655145,29.7892655145
1.0,29.7892655145,29.9892655145
1.0,29.9892655145,29.5892655145
1.0,29.5892655145,29.6892655145
1.0,29.6892655145,30.2392655145
1.0,30.2392655145,31.7492655145
1.0,31.7492655145,31.6592655145
1.0,31.6592655145,29.8492655145
1.0,29.8492655145,28.4592655145
1.0,28.4592655145,28.2792655145
1.0,28.2792655145,26.7592655145
1.0,26.7592655145,27.7792655145
1.0,27.7792655145,28.2892655145
1.0,28.2892655145,28.3092655145
1.0,28.3092655145,28.0292655145
1.0,28.0292655145,26.2092655145
1.0,26.2092655145,25.3892655145
1.0,25.3892655145,23.4292655145
1.0,23.4292655145,25.4892655145
1.0,25.4892655145,22.6192655145
1.0,22.6192655145,21.0592655145
1.0,21.0592655145,19.7992655145
1.0,19.7992655145,20.3892655145
1.0,20.3892655145,19.1492655145
1.0,19.1492655145,19.6092655145
1.0,19.6092655145,17.8492655145
1.0,17.8492655145,17.4492655145
1.0,17.4492655145,19.5492655145
1.0,19.5492655145,21.1792655145
1.0,21.1792655145,19.7092655145
1.0,19.7092655145,18.6092655145
1.0,18.6092655145,19.4092655145
1.0,19.4092655145,18.8892655145
1.0,18.8892655145,20.2892655145
1.0,20.2892655145,20.7492655145
1.0,20.7492655145,21.4892655145
1.0,21.4892655145,20.2092655145
1.0,20.2092655145,20.9092655145
1.0,20.9092655145,21.8692655145
1.0,21.8692655145,21.6092655145
1.0,21.6092655145,20.2592655145
1.0,20.2592655145,20.7092655145
1.0,20.7092655145,20.8892655145
1.0,20.8892655145,20.5092655145
1.0,20.5092655145,21.4492655145
1.0,21.4492655145,20.2192655145
1.0,20.2192655145,21.1892655145
1.0,21.1892655145,21.9592655145
1.0,21.9592655145,20.1192655145
1.0,20.1192655145,21.3192655145
1.0,21.3192655145,18.3792655145
1.0,18.3792655145,18.1692655145
1.0,18.1692655145,17.9492655145
1.0,17.9492655145,19.1492655145
1.0,19.1492655145,17.2092655145
1.0,17.2092655145,15.5092655145
1.0,15.5092655145,12.5992655145
1.0,12.5992655145,10.7592655145
1.0,10.7592655145,13.8892655145
1.0,13.8892655145,11.4992655145
1.0,11.4992655145,13.7892655145
1.0,13.7892655145,13.9192655145
1.0,13.9192655145,15.5592655145
1.0,15.5592655145,13.3892655145
1.0,13.3892655145,12.5592655145
1.0,12.5592655145,13.3592655145
1.0,13.3592655145,14.5492655145
1.0,14.5492655145,15.7692655145
1.0,15.7692655145,13.6892655145
1.0,13.6892655145,14.2992655145
1.0,14.2992655145,14.1492655145
1.0,14.1492655145,14.5792655145
1.0,14.5792655145,13.8892655145
1.0,13.8892655145,12.4592655145
1.0,12.4592655145,12.8892655145
1.0,12.8892655145,11.9192655145
1.0,11.9192655145,10.3792655145
1.0,10.3792655145,9.84926551453
1.0,9.84926551453,9.86926551453
1.0,9.86926551453,8.92926551453
1.0,8.92926551453,7.96926551453
1.0,7.96926551453,8.18926551453
1.0,8.18926551453,8.16926551453
1.0,8.16926551453,10.4492655145
1.0,10.4492655145,10.2292655145
1.0,10.2292655145,10.1892655145
1.0,10.1892655145,9.70926551453
1.0,9.70926551453,9.84926551453
1.0,9.84926551453,10.0092655145
1.0,10.0092655145,10.5792655145
1.0,10.5792655145,12.1192655145
1.0,12.1192655145,11.8192655145
1.0,11.8192655145,11.5892655145
1.0,11.5892655145,9.47926551453
1.0,9.47926551453,9.34926551453
1.0,9.34926551453,8.84926551453
1.0,8.84926551453,9.11926551453
1.0,9.11926551453,8.60926551453
1.0,8.60926551453,9.44926551453
1.0,9.44926551453,9.55926551453
1.0,9.55926551453,9.22926551453
1.0,9.22926551453,8.68926551453
1.0,8.68926551453,8.43926551453
1.0,8.43926551453,7.37926551453
1.0,7.37926551453,6.94926551453
1.0,6.94926551453,7.04926551453
1.0,7.04926551453,8.02926551453
1.0,8.02926551453,7.59926551453
1.0,7.59926551453,8.27926551453
1.0,8.27926551453,9.50926551453
1.0,9.50926551453,9.00926551453
1.0,9.00926551453,8.60926551453
1.0,8.60926551453,8.67926551453
1.0,8.67926551453,8.20926551453
1.0,8.20926551453,6.48926551453
1.0,6.48926551453,6.78926551453
1.0,6.78926551453,6.25926551453
